beta,lnalpha,lnalpha.c
7.408536489417424e-6,1.423659814568531,1.842502488371871
1.835146443221373e-5,2.1557419379377265,2.795691790335548
1.71971286374663e-5,1.906251013631573,2.2211307317002755
9.462115195170582e-6,1.472200228063532,1.784295675820149
1.6440231975782972e-5,1.6012087343592676,1.8624664720157933
1.935549932898388e-5,2.3580355784708433,2.808521312378972
1.699842875727881e-5,1.9132854233416126,2.1904678551047403
9.463633054376018e-6,1.5864193631961627,1.9696550093801162
7.113054955894302e-6,0.8440729675682728,1.3268132418062164
9.16454436602676e-6,0.8855651801534687,1.2459967025763448
1.0516999603580886e-5,1.2888764731811038,1.7869475087238043
1.9149643046719784e-5,1.7261801019433043,2.3567213491432684
9.905801434229537e-6,1.4464981765690523,1.8005405687433105
1.92577423062163e-5,1.8699669611872007,2.092819747333523
1.2574722677871676e-5,1.9891490730324648,2.9429988022672946
6.954844335596921e-6,0.8817427179473947,1.3733619950234524
9.567327053432706e-6,1.0859770464917506,1.4924438004625993
1.3846122717023627e-5,1.8890333453735466,2.461957745019725
1.9790473824712375e-5,2.7952930903718025,3.294051913452061
1.4445702433898238e-5,0.5520116408102097,1.182577045045044
1.1896630899220208e-5,2.0931779611026258,2.6683115843681158
1.628059165977174e-5,1.4274388776040943,1.8064078152725909
2.1865976520220045e-5,2.3881031985355765,2.8843758312404146
1.3485104928074388e-5,1.4367631735756334,2.1602494065088154
1.8665330214456516e-5,1.9978480452392609,4.864905834088615
1.5009010998399094e-5,1.7886518920381704,2.247166848037137
3.2188707022819853e-6,0.49720605092777337,1.0321776589278653
2.231256364149138e-5,1.4651740866096379,2.7780944851457323
1.1703134115212225e-5,2.050614000123613,3.826307584470341
3.303261166162948e-5,2.430789825777807,2.9353164190620236
1.9356709179626037e-5,1.7326531123764326,2.244202577654898
7.025671352700055e-6,1.0704638864313163,1.4920261762188032
2.4832526358813813e-5,2.932375126445915,5.042375148699929
5.222493938244387e-6,0.5350931558477225,1.23281913140435
1.9561359677917588e-5,2.112599683219554,2.3739995553360282
1.3423250019763551e-5,2.078489952432809,2.8528753866711707
1.1208030549780191e-5,0.19357680474842298,1.974490639573686
1.810569146990573e-5,0.53645160689679,1.7002367433148962
9.67782305595933e-6,1.7010942485473268,2.3397142910799533
3.6450579677276277e-6,0.9393224850590542,1.3514949226397506
1.8242093153356047e-5,2.051653295313572,2.586649107545954
1.0344599656239262e-5,1.3930734928107933,1.8831145919653802
1.5355091324795617e-5,2.005741098728114,2.4776181330931593
1.5536724480489677e-5,1.604303737597197,2.8750338548336796
2.1352641778377012e-5,1.3563178784795222,2.0988566683704146
1.2286883639736844e-5,1.701475946941042,2.4582331656677594
1.8494247552447626e-5,1.9218401238330336,2.3097365337139166
2.1993631091163726e-6,0.604094855830893,2.2951102041197746
1.2690314841397675e-5,1.1789373423224707,1.7207977002159414
7.0719408329673666e-6,1.1744396556383805,1.480475631739923
2.3333682326427837e-5,2.030394122486024,2.6759696946226064
5.714720603658106e-6,1.2962076683632267,2.069246163224112
8.540609616721994e-6,1.025180850518534,1.3462315198513553
1.8387705947694187e-5,1.672340155064443,2.1867328702422677
1.2235884673126877e-5,1.4190589903130204,2.020751460349161
2.5134857827006606e-6,1.5028619083604147,2.637391090183416
2.0106938550930496e-5,1.9913906026583867,2.3473401851768103
1.1980864038956869e-5,1.8359879787024158,2.2349606626039336
8.344844452523582e-6,1.5669650305339635,1.9529353180065803
1.3309102821763017e-5,1.0409690625153973,1.3883572215602422
1.781668655878581e-5,1.76340442808924,2.0987612254821313
1.7933031285923284e-5,2.02932689536175,2.2834504742896544
1.6550303903120557e-5,1.6916030747640793,2.141315091706844
1.4193222356020342e-5,1.7915964937318682,2.1539190440315825
4.673158125418873e-6,0.658769307144955,1.1776322797908905
1.340176636081924e-5,1.6359952580485577,2.159720904681355
5.173816886786384e-6,0.8805028967207922,1.355572612776614
1.2445225076832887e-5,1.4656217163605092,2.1339401797464115
1.871238344517416e-5,2.0476654150144125,2.530231994233871
1.0583488348114958e-5,0.45011000464452894,1.4698185611172965
1.1610435744027148e-5,1.3972921190737218,1.942298311889834
1.6088776554883164e-5,1.7683667697954797,1.9917802295484728
5.5946940695794726e-6,0.8668660542804281,1.283259887640798
1.3422668781012306e-5,1.7179267104249143,2.186585451157838
8.988893290801948e-6,1.3800549973850005,1.787217367968844
1.8298872747959964e-5,2.135811902875956,2.6210918301201294
3.3689018004187792e-6,0.9987641113990955,1.4823232359122103
7.841814607888324e-6,0.864389402735075,1.280599630702075
1.6722650167494523e-5,1.981693462933157,2.8443649817059353
1.1048199536710153e-5,1.7346348672346599,2.18840631338042
1.1333891594274184e-5,1.7816719552600406,2.1181074853314636
6.386588869090515e-6,1.2314705258068332,1.5473915755237846
1.3302729357673692e-5,1.9448556572814804,2.2426244623764697
1.0210718345992548e-5,1.5705085515312436,2.141697430738536
5.346880907429123e-6,0.9587621509538654,1.4196916033230376
1.3046967842658858e-5,1.8177421527294433,2.151466464947221
2.0826741021224854e-5,2.5730739988448286,3.294636738994111
1.6503925946012628e-5,1.7629813304882385,2.2156935802379993
6.711771040054984e-6,1.0495530566885982,1.6172125057296642
1.0976852960047344e-5,1.1809576477123966,1.6641790378969408
1.5304961403502488e-5,1.591069422246713,1.897397436870711
1.0636401772240922e-5,2.5146582548906586,3.3084731722657317
1.0903704527138444e-5,1.8151545630514556,2.166012621442018
1.0676557819763807e-5,1.3764449288757952,1.6993466862975537
1.6729690096549612e-5,1.6970247772549771,2.1263151010539354
1.4498343042981156e-5,2.2065441837137483,2.854098827581327
2.2407385375595602e-5,2.0226961917333033,2.4104566257747018
1.3695724373827736e-5,2.054980031598382,2.4326945033260245
9.354528428811663e-6,1.2243948228659836,1.6161777709116754
1.8167533551280987e-5,1.36458170481827,1.8833930936088672
1.2211832380303322e-5,1.584666699553522,1.939084718680315
4.463008172142256e-6,1.412335493462133,2.0300706035019145
1.80904424417643e-5,2.2075984081080353,2.6253276988359913
1.239117881733645e-5,2.0927222732463897,2.431243160505462
1.343590949998225e-5,1.7560074650101534,2.1998343262368802
1.1377772924153938e-5,0.995435091386818,1.4057645149014104
1.9130977964608346e-6,0.17984824975115177,0.5098582573370642
2.215323036573995e-5,1.757800100679181,2.1647625190051656
1.734976557522264e-5,2.587177242524465,4.966637073511179
1.88371474086528e-5,2.6462229652329805,3.1779568726821807
3.156081643297398e-5,2.991236358444681,5.257651770004859
5.460041702056483e-6,1.0226728354393961,1.528435915141395
1.13370499758984e-5,1.161239734695672,1.7266722640897032
1.0805820339833902e-5,1.6161088809195483,1.933771888717685
1.1832240190947187e-5,2.154459495788216,2.582962377633832
1.583143775808423e-5,1.120165950442893,1.719518282183754
1.6314488294813675e-5,1.3736488744427957,2.5798630940267744
9.251712806107176e-6,1.4691205225685366,1.9791834250361167
1.284860885150707e-5,1.9341700558523371,2.2206877860716316
1.448258056417729e-5,1.829740124172515,2.2740171041525734
1.7958369512863466e-5,1.2306996599090507,3.292030840161109
1.9329380091556906e-5,1.8583570865981867,2.1048140705770826
1.246426627139258e-5,1.7520061915435379,2.0220176273627413
5.395639714552476e-6,1.257240573674662,1.5560707627152883
1.782563674153413e-5,1.7608243095376046,2.0747220788743217
8.820040107845048e-6,1.3887699804433433,1.8398316798013306
1.5262560039731428e-5,1.9710541461918978,2.2032237821931324
9.025914752111375e-6,1.5627343244199443,2.2658458696487713
2.099660130345052e-5,3.065500944564248,3.692309646106637
1.720501678057159e-5,2.2770383370995777,2.918002024387
2.0125984721333007e-5,2.014535455471588,2.421817066676725
2.1999874593450177e-5,2.297063456777387,2.950187547632077
1.764600481095273e-5,1.900911989061596,2.258567063041829
1.3684570047104077e-5,1.6924084464638034,1.9843014958042462
1.3791065076177097e-5,1.7106199399710251,2.157027229009771
1.3736931949751622e-5,1.9040357367721008,2.709646758002886
9.081621638038112e-6,1.5414947942800348,1.823424295171349
1.6352697898121575e-5,1.543081171477698,2.011218861672735
1.770753166449355e-5,1.2314458712946366,1.8026962147118963
1.4102713432193356e-5,1.2947868562026363,1.6631801896160354
2.28405773887752e-5,1.9532795480333511,2.650640893109008
1.4698460737794287e-5,1.933339924521444,2.2764072711019003
2.2021910270158242e-5,1.9915232388410173,2.393436896410119
1.3629925340265608e-5,2.398436956004904,2.7045100008276433
1.8644943740801022e-5,1.9390326086490879,2.532523409234185
6.7814285630883374e-6,1.2401417860094237,1.667006855619439
1.5636971076132375e-5,1.984318638303497,2.7600073760627137
2.347094232779144e-6,0.6739300473378093,1.073223339013341
1.099023591690514e-5,0.7500176636910151,1.6802406913436134
5.158734053343693e-6,0.24966691617832426,1.1349639614834885
1.4410899148851409e-5,3.9125836640460325,5.281346331512992
6.276949986317319e-6,0.76666975469428,1.0868593102437352
2.92980084647747e-7,1.0236022223844754,1.3429279878939313
1.389567239358264e-5,1.7919168822373912,2.063278164683895
1.6699537639173955e-5,1.5098967505196208,1.9650685252520437
1.1876462187529474e-5,1.4177709347317446,1.6948340422802959
1.6782934372987697e-5,1.1268834321701249,1.8337477234938162
8.993647328699577e-6,1.697244780647402,2.308932798210779
7.815669695267038e-6,2.0127245763761907,3.005594384393636
1.312897773598993e-5,2.5040629580635034,3.258029249430443
1.6524627420252945e-5,1.4226732611829294,1.8775499380564655
2.3364014517877604e-5,1.6526705873184924,2.4232688797085875
1.5900972707268637e-5,1.9502468276787108,2.4778200284213856
1.5809225554472696e-5,2.1919691873412495,2.7971429864560484
2.322299021726891e-5,2.4312957357681464,2.7378808705920368
1.5824620976451578e-5,1.8328701751880738,2.0490717692597618
1.1988095693782811e-5,1.604938024069561,1.9193916550882988
9.541793218945679e-6,1.3460877014056414,2.0320348559535732
1.4279809072602192e-5,1.9299845635170878,2.6167123209410406
1.5617103144093567e-5,1.8311881768807607,2.672371474827648
1.952137485934189e-5,1.8599133087513156,2.690509452044302
1.4506653007624868e-5,2.000514378171172,2.447662445126118
1.4884631299658543e-5,1.405444533774427,1.804785908437639
1.9858145274558478e-5,1.9686214920510068,2.271163981810463
9.872568008281726e-6,1.9945334600707212,2.956731810130967
6.72618470655e-6,1.5832705873493536,2.080419908802612
1.3975882833238631e-5,1.6016818386245992,1.9474219661886203
6.95949424871525e-6,1.7436128692848498,2.342054696709573
1.8788686010072144e-5,1.6948519559086912,2.193002561064098
8.743725750773134e-6,1.125880605127866,1.5473630528921605
1.623422067617128e-5,1.595600088466326,2.1201331855264676
2.1162752136435414e-5,1.653321492421098,4.7679876517077675
1.0063407312588085e-5,1.3761513296737946,1.75411856643679
1.1882906577886979e-5,1.4872682104482464,1.9018123986900737
2.1685548310443232e-5,1.9444528395469327,2.4380958576057217
2.5018641916607465e-5,2.808591275432864,9.184145454329517
2.4267691261331958e-5,2.5459239709912915,2.906674806655047
1.3405495680217213e-5,1.5646741862904894,1.9393685567682102
1.3548682952710769e-5,1.2236633496368168,1.6099026738002424
5.626781551955944e-6,1.2702022597396263,1.6166244887755241
1.6273011535842355e-5,1.5654072817492517,1.8255652246981224
1.2540932712984098e-5,2.2212171934648617,2.6264549422947603
1.089196230018951e-5,1.5654982970004299,2.11907230119286
1.4876858037963849e-5,1.6401654603425897,1.898529569672319
1.2904768521244304e-5,1.0074834801154402,1.5600948848476368
1.1361169220728733e-5,1.6332259635009305,2.1712325223266378
9.585299943115855e-6,1.3621723744961196,1.6163959777727952
8.587952986571785e-6,0.9977915018500116,1.5190204890051726
1.3066536612976784e-5,1.8662340820542036,2.1943081327898586
9.47183372055168e-6,1.3513067653488902,1.7443399389734298
2.7322362490265364e-5,2.3028067808729875,2.7073399120049446
9.99889385035026e-6,1.449153893505841,1.8347368425799881
1.6707221541566753e-5,1.6472603858530785,2.0146543906969483
1.4740382436839978e-5,1.5075235771837439,1.761308648619573
2.5311903423340124e-5,2.7823726436397656,4.031701409585937
1.1810714817978596e-5,1.6232834962270486,1.9932391171262334
9.693785866195319e-6,1.409157749313077,1.9465519948767454
3.2941223154817103e-6,0.9774396335404009,1.3173652176634447
9.586116213100239e-6,1.5926951205499782,1.8567303749434252
6.814104110277507e-6,1.2833706874196558,2.001752112181205
6.440129778172539e-6,1.2151470404395672,1.6980937745252258
1.4723652187794631e-5,1.8241003233667377,2.2894717746565574
1.634334660423908e-5,1.6638542749694385,1.9630800789754845
1.3528430165764786e-5,1.4954334950264596,1.8428266222416423
1.2518615210742892e-5,2.2225054055252738,2.735876849805964
1.696406776298394e-5,2.163441964408209,2.595788382914768
1.0540584615477858e-5,1.4690722354711871,1.8558963466677882
1.1267125837381912e-5,1.9876361400661215,2.4946999215196444
1.7201129371394033e-5,1.702929907888292,2.0063013026555763
2.6836760365518492e-5,2.7302146475225886,3.1528365458956364
7.009273990346623e-6,0.7346031095311817,1.2621571287434803
1.053532645362993e-5,1.909818359997382,2.765742006977031
1.0095255277725666e-5,1.5191480839196347,2.3623607202774486
1.2548330962952552e-5,1.402353974856352,1.835526709830615
2.2754210464814057e-5,1.8348987709126279,2.2426729957979346
1.3729371852856473e-5,1.531202826451366,1.9590850769819959
2.1366125417958467e-5,2.129394737610503,2.893669702836897
2.1489173324911244e-5,2.226960460711667,2.5731314299378325
1.025184267203814e-5,1.2851543409422876,1.664479950594162
2.4576137545058608e-5,2.459852781513666,2.7478895381011297
4.7358753231807486e-6,1.2510741748526903,1.5946926550733063
1.0813766296042401e-5,1.3993874967097684,1.8172811091107688
8.45210005520473e-6,1.1046183621491565,1.8852287158928887
1.376195111156113e-5,1.528830388770852,2.098612547447418
2.9666338304245064e-7,0.7505829495344025,1.0462370773604792
2.6604656325371463e-5,2.942994710604832,3.6458771923211124
3.329542265294879e-6,0.9297150428824826,1.3951154091065483
1.9677864588979605e-5,2.033681134652108,2.518168390536999
5.457844683229904e-6,0.8858725656160814,1.2810373059359175
1.3822904766124154e-5,2.2412136518900234,3.167854436806605
1.3582318835977959e-5,1.983593755169807,2.3971533850474653
3.437702470906258e-6,0.9624493972599737,1.2293470041504477
9.081192350890773e-6,1.4148649243879163,1.6652629997176676
1.8863722514170375e-5,2.1245550631365813,2.9033517978706613
1.9246134968843514e-5,2.1666134277846747,2.6228178881330346
1.1455551221383904e-5,2.016640895916018,2.685802796371072
8.345999323994099e-6,1.1216129737515699,1.5217620564067413
2.081098875444146e-5,1.0828217103524993,2.010365343546571
2.131615332738326e-5,1.705711584010982,2.2258932784981202
9.579595337752858e-6,1.8737469819208308,2.3568002758674296
8.899251602143002e-6,1.3473401779507395,1.620726285289307
7.168780574761246e-6,0.9710956641838322,2.1402303141909496
7.736037638924148e-6,0.8901645645315808,1.2086187664219705
1.2131939654453552e-5,1.7893373276277256,2.132206377221423
1.3661574208084755e-5,1.8334484574627365,2.4490258153129885
1.1051260867328776e-5,1.243867591520991,1.8727299529918484
1.2081915945109247e-5,1.4439429025120252,1.6602730392793836
1.5901955897983522e-5,1.85665294552162,2.5462227238236927
5.452530955013444e-6,1.2727888427815677,1.6286268276343878
2.4890263017405233e-5,2.1830266027595617,2.4779075978778766
1.8388763842029244e-5,1.4010200940035955,1.9710147527169464
1.0997826789832056e-5,1.423455361816121,1.7241563474633719
1.0202130036422566e-5,1.3150884082092935,1.6981306322528908
8.28782130924634e-6,1.6373407423304482,2.0528134642984344
1.282256959510362e-5,1.4243708119989378,2.0210536996274264
2.2563703682098177e-5,1.9845761075817534,3.0141429439043907
1.6937531156000318e-5,1.8537780641231367,2.23514858874977
1.55268854768906e-5,1.6952436714056571,2.4006332693005916
1.758075356886066e-5,2.175436459896819,2.8315105562920713
8.481976601933161e-6,1.170422019305782,1.440372412038359
2.096297909918351e-5,2.1041271781600535,2.6642362045998214
2.7426880999291482e-5,2.6816241422308456,3.630810449988556
1.5903171864690495e-5,1.7599715777870082,2.1419866317764744
1.19936751371473e-5,1.3689240499509716,1.8202265460580844
8.55666856422814e-6,0.3231138015223083,0.8925370497312123
2.5238217728320387e-5,2.3598753720960652,2.751742786766862
1.9984189538592704e-5,2.104218535155496,3.1189698588838928
4.829835783771969e-6,0.9090603329473932,1.5270631478283025
9.811810340012087e-6,2.2017061107213705,3.0725970476632476
1.3137512581804784e-5,2.2122162563807675,3.5636459709222117
1.2947411390841464e-5,1.8832959899642143,2.495813243603746
9.36513877137862e-6,1.4784147450136145,1.7843227612624581
1.5514737201625636e-5,1.4014083409559555,2.0631681669696635
1.8832936960728078e-5,2.4519823788411252,2.9160590302655285
1.582506583461883e-5,1.9487882861532397,2.2540779822674173
1.4268646178772734e-5,1.2113413763403738,2.8815231777259216
7.853121714188628e-6,1.5122689501041606,1.9028630680002507
1.391925693741513e-5,1.720886727440874,1.9842145151737762
9.794827823347314e-6,1.5337912312176902,2.0626979957771443
5.435163386703803e-6,1.0710104315125863,1.5054984309352972
1.5112222835920106e-5,1.6032204497615026,1.8919806632250988
1.3426754258135265e-5,2.0172221565692694,2.359882028251676
8.174261683479205e-6,1.3583806894191721,1.7496709606851844
1.61804257582265e-5,3.224081681938384,5.3039285109519145
1.725580137756264e-5,1.8037071007522114,2.237640790423954
1.6097246369691438e-5,2.1381513608574454,2.8446380489072136
1.556590953093383e-5,1.8466105425299724,2.222316418335003
7.910364997535482e-6,1.4866442950156311,1.8637826770314616
2.695832780639984e-5,2.680481996714271,3.343436857639917
1.3194258402324741e-5,1.1352444487715163,1.7963811530422729
1.247179920198849e-5,1.7808097348806249,2.2123235595091915
2.0622203495002326e-5,1.8185701063396422,2.183957896922844
1.6081766129049697e-5,2.0664513551202797,2.468916496959138
2.0339581770122246e-5,2.8833072683960492,3.6905272237115905
1.7679585078631307e-5,2.019234334695554,2.265375659119125
1.940111116637041e-6,0.939932885414215,1.3993034499595134
7.416952110851804e-6,1.5516886993909784,1.9453809805468978
4.562657859933605e-6,0.6277373747923565,0.9521648403507218
1.6601582262809324e-5,1.5472828960752456,1.9824305684106753
1.759900377215099e-5,1.6656392095901913,2.490885431613835
1.0206260980544848e-5,1.8905207536701074,2.44558296893485
1.2720175535128483e-5,1.654646338402393,1.879767018402275
1.149898164380722e-5,1.2141808161868521,1.641853301942172
1.1705817695535459e-5,1.4635849290357434,1.8540369479703747
1.5084952302756156e-5,1.0537159500790239,1.4067959730609756
1.8863088110346776e-5,2.281587844932857,2.4881917195268057
9.773971153947005e-6,1.1978447570727884,1.8916345378594963
1.287423545324483e-5,1.6776957864106181,2.0250047183623945
1.1605442710413283e-5,1.819926694069912,2.310005647748664
6.820080439039434e-6,1.3852159096417116,1.8496989281775758
1.357985907997904e-5,1.479734552931995,1.9411899816392977
1.8450699182468474e-5,2.0957692083550583,2.4992527391772654
1.777733768449471e-5,2.487101786978215,3.041853771789302
1.6353962185662076e-5,2.0625820037128815,3.0300016447199503
1.8311911495986383e-6,1.0073683751266587,1.4126798893865278
1.0052534843325767e-5,1.6050212885983655,1.9937123958823302
1.7905005717424403e-5,1.8993075379530737,2.226070873012822
2.6418337542679154e-5,2.3999339211718027,2.9150228583185216
1.2165738928916361e-5,1.4023738953415057,1.8956548669935398
1.045392939038578e-5,1.7607149212049629,2.006088687337253
2.082726052033393e-5,2.3357168978188816,3.3231939040364953
9.43805405942635e-6,1.3514885700180554,1.9178003936062105
1.4765759889331162e-5,1.0772977621660984,1.6380828525352844
1.1349154880411884e-5,1.2559222971138362,1.831452634548207
9.01293335141067e-6,0.9690998101775369,1.3720095362305083
1.3677182232716196e-5,2.000350053483438,2.3983172268998896
2.01971326926543e-5,2.295747021581715,2.643401823569236
1.0637778753322047e-5,1.679257826611742,2.1297842214978404
2.40794713682421e-6,1.7848253334377702,2.55089925135782
1.6126257097331246e-5,1.6913197210907827,2.0987374739968496
1.2963713204974551e-5,1.7466455084258667,2.3095123951865593
2.146743859094249e-5,1.5835753719543977,1.903896392694817
1.8894621012916772e-5,2.2463773269932985,2.62740172859136
1.4472500297717797e-5,1.5347584564500671,1.8167480806591187
2.8952577668788147e-5,2.634490837409338,3.3150369907502872
3.7652869716839694e-6,1.2441763105858674,2.5250450891327794
8.756623412457482e-6,1.6131001531647546,1.9392749828291982
1.5977484813044392e-5,3.7106584692670315,9.845322882303197
1.5700477880011328e-5,2.0716337357066776,2.5960003722493585
1.496560143231177e-5,1.7279139971597617,2.1208117970341718
4.340603999694709e-6,1.0880313549274556,1.4599524971992406
1.3141796769008252e-5,1.5637458469714451,2.1262067233270923
1.411807671679778e-5,1.8124920561533906,2.079914545253131
9.19730356391912e-6,1.2741640373616903,1.943440329104014
1.441854768493713e-5,1.80845291425356,2.192151056853617
7.567186772514701e-6,1.0753193669179466,1.538272325132048
1.3648034730462181e-5,2.180470342487781,2.804804043741265
1.1528589575080014e-5,1.51941879520747,1.9010968551071667
1.2683171257160878e-5,1.1710930091986562,1.7777576347110875
8.006899159844072e-6,0.9399422318691579,1.311777357221244
1.5513902445759226e-5,1.5651852478803712,2.115738949672508
1.5104016116294126e-5,1.9710783566245957,2.233778557175528
1.2981279138045027e-5,1.3571133561669084,1.7547251041067875
8.307305606941707e-6,1.3699416699828282,1.7176989920333665
1.953185536198922e-5,1.634531707680179,1.9907494536258603
1.0685005040981354e-5,0.9874054883337062,1.612781830458482
1.6593504180687063e-5,1.9116564055640164,2.651669495182349
6.843471163109283e-6,1.2882418383566716,1.7973569583589737
1.3197167255027058e-5,1.2528079074324638,1.7066450962289816
1.6881763766343122e-5,1.6536502256125893,2.2354451448274157
9.627478063949938e-6,1.6734523112385133,2.141653790131948
1.745667280583011e-5,1.9680073001277962,2.3549668804350308
1.6654230364075668e-5,1.7998693351343251,2.3960255117679763
6.209323598126847e-6,1.0407842403937921,1.2452942253005215
1.7647182860416136e-5,1.7709823825982582,2.422638283223285
7.636740189462375e-6,1.2572065571024176,1.7978652040002818
1.1582965823485492e-5,1.221518945927068,1.5741535397273463
2.3880635443650124e-5,2.2183624580761845,2.804088655452304
2.4138742600969464e-5,2.186959025592588,2.7864465884657266
9.926796659797189e-6,1.7222921632338308,2.1135947138923266
9.592911518723554e-6,0.9392427271652013,1.4788580834178937
7.92881002307304e-6,1.4961976733179172,2.406066126545027
1.4440449958578368e-5,2.77729989971201,3.730551021824869
1.9910883271760983e-5,1.8353410225793576,2.187232444702431
2.4125735919953046e-5,1.8475601411263451,2.7361790275984768
2.0329854801009484e-5,1.8693861587482203,2.382085302591091
1.5054138670213418e-5,1.9635825743577253,3.5000964825983645
1.807898669054905e-5,1.7244016780744456,2.2182020746355753
1.6673398107421846e-5,1.8862955646488317,2.330973519909898
9.879321507120155e-6,0.8025356572052655,1.6316042143067673
3.4362316681310143e-6,1.204160462691614,1.9929389619627527
2.182702861196865e-5,2.2436143868686096,2.541665059074854
2.314189199572575e-5,2.375696518819775,3.3967829205750375
1.7569383285814834e-5,1.970273793352313,2.3434785741566158
2.1345679136761964e-5,2.1017051652232497,2.4788283296653773
1.6116745423080198e-5,1.4358947188841342,1.962500932088039
1.0117178900564708e-5,1.4148064480481735,1.6938017802257073
9.839600986539124e-6,1.7712778630571577,2.2527531869775985
1.3393218785819037e-5,1.437788743390708,1.8634336674109426
2.1789067330661497e-5,3.501560871990802,4.920274676588764
2.138428859560207e-5,2.030928044187828,2.6815192455745884
1.699745715792599e-5,1.6744317993243143,2.113278258599399
1.6820953987377032e-5,1.703879352874488,2.2736601429096632
7.480779089025688e-6,0.9251595212087772,1.584156141778935
1.3342188169191246e-5,1.7368966287654368,2.1205861831040043
9.346893525501127e-6,1.0159398626165999,1.5649691334121314
1.0721875063844607e-5,1.2720427526024047,1.7879352981164605
8.424186896939593e-6,1.0827898726950607,1.4916113463819407
6.225081841638387e-6,1.1729022772433395,1.7083677013856344
9.168196690070424e-6,1.1707703995912455,1.7349683815104298
2.1714221154398792e-5,2.8339071270852365,3.173467107345318
1.3108882506005573e-5,1.1901345267591388,1.9483033000095347
1.4221627179251201e-5,1.5849440499614453,1.933073981963733
1.2795346695474357e-5,2.030114107852217,2.5429070504177806
1.942459232358368e-5,2.211039123201626,2.6471080060563787
1.8491094159898035e-5,2.1035592181551928,2.7598020046803358
1.7034633581123387e-5,1.6609620373524105,2.1594434859648715
9.35965619211655e-6,1.374787433555622,1.6613929690404245
1.7644109307323608e-5,2.322650996170452,2.668947186155643
1.7956212278542098e-5,1.151275390528908,2.1640863621518225
1.8955495427098167e-5,1.286873938899488,1.861936822662326
8.211714500204051e-6,1.5947494034728915,2.1466348042577845
1.4916248987222225e-5,2.0847959128681413,3.0293791655932614
1.868235668197764e-5,2.341965153197748,2.9787759805434035
1.277115902684357e-5,1.3545983549630143,1.6806032789331298
7.627898647833134e-6,1.3580625524470842,2.0478207938206268
9.521697016235835e-6,1.2515315730602854,1.6742491746183854
1.2912200229210524e-5,1.5807102372330992,1.7783225254867319
1.2139336248212657e-5,0.5459981268208584,1.3573400751425622
1.531223198629875e-5,0.38100381288608776,1.5853769956121868
1.8051495446531607e-5,2.153658078032136,2.578044800457614
8.173811755323014e-6,1.3622084391154077,1.9407776903442482
6.094965163008459e-6,1.2841034054786804,1.5692158624263868
1.0567704048616122e-5,1.523622294571937,1.890042547530785
1.35027366431176e-5,1.5977536211767158,2.4975041002422333
1.3532281658875758e-5,1.0811156409683376,2.782338914958501
1.596284024101281e-5,0.9348317598203667,1.584671755125074
1.849004321833029e-5,2.3395758808375047,3.8125777690434584
2.558106882105846e-5,2.367051197243079,3.0228024472985857
1.482134019954269e-5,1.8881806935315193,2.21738491217342
5.988995234910019e-6,0.5040391541344635,1.742962903512985
1.6590963173296015e-5,2.088746254778029,2.3333750482078157
6.582969429422043e-6,0.668105517058253,1.0867798810221547
1.680755235131317e-5,1.4605731531997506,1.9397595376375867
1.5245207099223184e-5,2.055664969928304,2.9652711758785317
1.993841980691955e-5,2.0959640545825535,2.442457192327338
1.56030870532265e-5,2.0482245222968927,2.335364518660738
1.2754684797000183e-5,0.8219471910111228,1.2803713094520013
2.0994317430695386e-5,2.1396453462761786,2.7363581903991294
3.325976622222115e-5,1.8712713756974415,2.8533206681062824
1.5413987079689632e-5,2.359033519653691,3.1390931837632214
1.3842571878157416e-5,1.380825921675099,1.8379473764046756
1.3632968393918361e-5,2.0840303347520046,2.8878464588894985
1.8329439060659578e-5,2.241359457520492,3.5807960183611174
5.792288538255956e-6,1.3222311538795817,1.6411625597050006
1.896522355746373e-5,2.505268809773841,3.1764949446034
1.3446660747429928e-5,1.7234217152003848,2.530473094070591
1.7066867854109146e-5,1.790126724290846,1.9990402395318894
1.2689834310683438e-5,1.4951329252985994,2.0796435583869997
1.715788407313435e-5,1.978237750744999,2.220146038760908
1.9186641076934602e-5,1.831335927495562,2.3769788354241457
1.4641209795009675e-5,2.2686505582002465,2.7669939768008134
1.6128960753091428e-5,1.6928647700046908,2.0838194780764194
7.951718503345947e-6,1.3382919439116499,1.6698183518469873
1.4278147029208423e-5,1.8949734748328944,2.1593525658484185
1.2322285703120779e-5,1.7516918368427006,2.2595297911970005
1.6684517900863676e-5,2.067407615598301,2.528409781307567
5.589507374342922e-7,0.42280588511895684,0.8373654920534713
1.6478704471099366e-5,1.6449717885169173,2.077733226498823
1.5876767112160173e-5,1.9329941081024593,2.4496317135560735
1.5873086648864115e-5,1.7199248971749057,2.0300458791233478
1.1562674199708411e-5,2.48934537445152,3.242933250069242
1.6330337105982514e-5,1.604368635681972,1.9193759666483294
1.187007103503932e-5,1.5339649792254832,1.9443769587352098
5.7493634936113155e-6,1.2524171382132077,1.5092884821919776
1.8327180015644473e-5,2.2741640688716362,2.8721192085940253
1.181568902718358e-5,1.2595609536671586,1.7402882794662011
2.262722632056764e-5,2.2161309513360195,3.387061502648507
1.78907164065007e-5,2.1076651688081056,2.500228398759673
1.7223032949845544e-5,1.4585739306456367,2.2538081746522174
1.5011700040186962e-5,1.264728517768837,1.7863617652307389
1.2618282064148212e-5,1.7188649452519367,2.0153727640548893
1.604213246019991e-5,1.5715229552256198,2.303383397672903
2.1557321466119573e-5,1.9988911749779408,2.3812800022273612
1.8131471810724715e-5,1.8687712418744042,2.525207116353358
1.0835221339899497e-5,1.2455078650969833,1.5172061778630268
9.849356870809027e-6,1.5049122213472883,1.9125424767091568
1.2219349121689772e-5,1.6707406299054084,3.0816588685547086
1.662961764044996e-5,1.9061273297886623,2.4165213882892482
6.560037218076721e-6,1.373146744709398,1.7663978458144995
2.2297123213788358e-5,2.4322448456674333,2.8179417289124316
6.84904568695699e-6,1.2255140721388127,1.9353622822686514
1.3333145780939899e-5,1.78114602017589,2.1124646789812256
1.612039373348873e-5,1.8641615514186871,2.6948206848727185
1.2417745742100073e-5,1.8779735744992083,6.401203025602567
1.973121209868155e-5,2.385818113556624,2.9068285031978607
6.18778808633609e-6,1.031178766675203,1.3205024581111675
1.4908628241352782e-5,2.042731715085456,2.700621870264455
1.4017588218033833e-5,2.094977688135229,2.7498195152729172
1.9428662660041346e-5,2.181342274311608,2.638257751909115
1.6099158914186206e-5,1.5759904929997848,2.875510330602048
1.3865457605752241e-5,1.6559321917420724,2.1594072996376585
7.033188176041128e-6,1.3697840553722183,1.7955470276889947
3.822876837628508e-6,0.10292336081376097,2.0572519041006223
1.9344458219641023e-5,2.053159755814843,2.4925733423961822
1.4382002603839997e-5,1.4517846536362713,1.8450620909504007
1.3264122508680165e-5,0.9991186275707731,1.6544036142927987
3.3486872700871593e-6,1.0006569724324965,1.456542767830008
1.7574149584385604e-6,1.1758967276875896,1.9976005068445248
1.4160708288855562e-5,1.8729514858178744,2.3146081680445967
1.1810611225027032e-5,1.7437191554003448,2.277893634268192
1.5756041932435314e-5,1.8940491588267736,2.399795867601602
2.2670125889641388e-5,2.0297550481015976,2.757208324530554
1.1833718524802176e-5,0.08619226664240087,3.3283484980016658
1.759703777475494e-5,2.2915665061681816,2.781722709472532
2.3201156863471435e-5,2.442816363220494,2.992030329001818
1.790142186913073e-5,2.0592501201983886,2.4126576895452914
5.916676775820095e-6,1.0483389594395232,1.5503813513869105
2.761886072276576e-6,1.2179153230111055,1.7203022034252045
2.4480438938931127e-5,2.7592165075498105,3.312279703079077
1.4732884612127101e-5,1.677396652507356,2.087659718835341
7.957832336897171e-6,1.7538484086003636,2.4081093420065853
1.7378189955610075e-5,1.9718257310394487,2.2396759714058905
1.6972445821608586e-5,2.001153462508018,2.4699574616169664
1.2481168101009618e-5,1.1129661925556578,1.6678103302455294
1.7749645326918248e-5,5.951944751275815,10.973874094147147
2.8362034013941136e-5,3.5467553407704964,4.204412460553934
7.713577858027225e-6,1.3306562040524583,1.9924301826196198
1.6623465501433813e-5,2.7955927597494936,3.2636945893987996
1.4109308483434347e-5,1.483646540387325,1.847536192739394
2.777463006171669e-5,3.2106907700105705,4.393054360872634
9.967496911678258e-6,1.310465217900392,1.806552349349111
1.8053726157393562e-5,1.9255220543187201,2.313670045582815
1.3937613028422811e-5,1.743872398914181,2.3773533860945024
1.6619387030678642e-5,2.3380946973295655,3.0553594034443416
1.672873668227588e-5,2.1370393024426733,2.4111051321612478
1.230866145429523e-5,1.5616902060310656,1.875154784528037
1.118528308498052e-5,1.7680681768613584,2.1464313343569486
1.399417916092399e-5,1.5297141337981892,2.055695285657178
3.90085252843486e-6,0.9409325443488861,1.5518923722704725
1.4738696328517969e-5,1.63011429058648,2.0517789886462037
1.0861303517395433e-5,1.0784927676669342,1.669198627534983
1.6402202405727293e-5,1.72188555936986,2.5063328411697823
8.29148790238805e-6,1.2446841811000935,1.5812336836975551
1.1999766068564351e-5,1.7824219521804352,2.270227823046602
2.246375630017806e-5,2.64934928358935,3.3510813975118494
1.922802530331672e-5,2.0623357814331724,3.4421362957591075
1.5644262710112417e-5,1.518557647670372,1.868590083797678
1.8041070047412307e-5,1.789732792466157,2.216039512444065
2.3990185284032846e-5,2.6046454797254586,3.5784062444976557
4.108896536300147e-6,1.4276109289143715,1.7475132378513154
2.0436581710112824e-5,2.252375187298052,2.6217637672771397
1.2878698207594376e-5,1.9658616318017499,2.521079893099035
1.6613720977378058e-5,2.647009386871022,3.228374989051711
9.869960205053772e-6,1.6357508658049167,2.229989282379086
9.896209183826156e-6,1.5252610092570302,1.9334766345148857
2.1539368618936666e-5,2.2433605636063847,2.671151247635135
1.8471255588270722e-5,1.7941763954110213,2.139924766890813
8.041547903113135e-6,1.0201213568976915,1.4460645422723346
1.2288922020273864e-5,1.698333666064439,1.9882724072631455
2.2271112310496942e-5,2.6456149356951992,3.513677426740274
1.8254374383339934e-5,1.7406132939581147,2.0375291960823687
1.0055897880605493e-5,1.192862619964436,1.5176551470266242
2.116853907688371e-5,2.0980685799281336,2.4271219471513
7.223266766789676e-6,1.174159600883519,1.651743988299394
2.5616241885108636e-6,1.0054717389239975,1.4552727924118172
1.4294896658089619e-5,1.65999400089407,2.2822283964222976
1.0124654209747019e-5,0.512169704245478,1.391350625312103
1.808166877510276e-5,2.3478974940491293,2.853440335181301
1.2102304231389755e-5,1.5860965242718763,1.984400664536112
1.2677255302451872e-5,1.6017489299896839,1.9484311115736543
1.4923973694975159e-5,1.664847130023801,2.248285985968602
1.1544173050998048e-5,1.4010645064010212,1.945259060355872
1.3089297388352421e-5,1.7704058371592213,2.38813765172148
7.810743751855266e-6,1.2655590101201684,1.6759755625278716
1.6741934802013156e-5,1.6380475356368631,2.047044313476867
1.485381565957135e-5,1.5472067680869992,2.2078892119808744
1.1993622491208475e-5,1.5177872253150149,2.2685963403580063
2.603394759735666e-5,2.7331363609437824,3.2166020577069974
1.9234600865488576e-5,2.167579436487258,2.7114589752748963
7.217723036987664e-6,0.5604206453516428,1.5632204841195319
7.067551782055045e-6,1.409487141870089,1.8876033935751726
2.022501206061832e-5,2.434532905979496,2.917485727294146
1.48700638930197e-5,1.727560920950906,2.571131451004506
2.3369456241636653e-5,2.456456511427096,2.771962122586682
1.0371766639087573e-5,1.921968260452337,2.3407303378476434
1.4264683976469239e-5,1.6377386142386834,2.1043998931155263
5.1702340836305094e-6,0.7272587276576075,1.229808779855355
1.0333430540277221e-5,1.204632570774722,1.7995045905375053
1.503817781795546e-5,1.5680751860738131,1.9094196440987852
1.1650163803370697e-5,1.4239622047704374,1.737173129040902
1.1755282226127544e-5,1.4645290615840278,1.8754755591850778
8.904941177222747e-6,0.82407873375604,1.8846480653490487
1.8933443317279133e-5,1.9864086444445246,2.3487524130990614
1.2395169566249065e-5,1.4028271228957405,1.6341301586298453
1.5165660394510234e-5,1.954513832493708,2.780846786244614
1.1329292631521734e-5,1.3816855742713423,1.8189024249341639
1.1121333137413516e-5,1.730643944214487,2.4107232593588557
1.2784719466483031e-5,2.3589798165269555,3.137591408247495
1.071961646305197e-5,1.4834413237820656,1.8345061412322288
2.130026391272677e-5,2.3097796616205954,2.8148449158838718
6.880503749112626e-6,0.8164165525985339,2.05211063431517
2.2466835991431176e-5,2.6760590462895424,3.347546752758505
1.780183517348792e-5,2.8363541031433384,3.93699629836672
1.7143905325628702e-5,2.1282175690881946,2.901801901840811
8.225778717605993e-6,1.4353851288513004,1.8229817257848757
1.9193816938856096e-5,1.847901952703969,2.2508292176488798
2.053734707424618e-5,2.377501556247017,2.9689246044772326
1.2339785746774942e-5,1.6313239486782478,1.9214548710191885
7.831895443787695e-6,1.3039930212615012,1.6377604658239329
9.036904410012648e-6,1.2020320922274388,1.577706658103261
1.4266296272326993e-5,2.436770762500587,3.277528305168306
7.268598999451935e-6,1.4169369756920442,1.764828572738627
1.2770216856480345e-5,0.677607147522093,1.4838882525660682
2.4895451073101105e-6,0.9389266293242161,1.8848378954793645
1.819187341501807e-5,1.9972512708791204,2.4023268677246175
7.2399061116657244e-6,1.1661968997219023,1.5475520424232694
1.033888086521567e-7,0.8691636978937267,1.2048483457211103
2.507876720602867e-5,3.004927655759329,3.983313800074425
6.950854323504079e-6,1.0872505958354877,1.458729815564455
1.478282264922199e-5,2.1050651606660304,2.6770615209116753
2.011088619587719e-6,0.903971148272285,1.198345111870045
3.966892894294012e-6,0.9949027241852555,1.3921819801824187
9.920776930100358e-6,1.274093631551222,1.7053803419896125
1.272191760025033e-5,1.8573714236900685,2.203318026615422
1.276782432144754e-5,1.614299297155743,2.3147691771540635
1.6302551963490594e-5,2.4197725561311345,2.9475017453522905
1.8362517081631125e-5,1.4720765170996517,2.3854175531642383
7.695767336326852e-6,0.97725886502104,1.5476578979741147
1.5975287771590325e-5,1.7569680678657043,2.28610641182502
1.156328621225958e-5,1.7379027737572237,2.261074361690598
1.3460814391509053e-5,1.62357197398071,2.0860995314001416
1.8394297932555353e-5,0.3460477792814021,3.4182460023275367
9.14054407853141e-6,1.0931329741385172,1.420262806483859
1.4258286562148186e-5,1.5530405644958716,1.8262425097458101
1.1332755018935152e-5,1.3261122394831322,1.7256283822378422
1.93238802385605e-5,2.232351485323108,2.879971823578064
4.895123098226082e-6,1.6502436265412346,2.0557689421112224
2.1552031496174795e-5,2.24115429320509,2.6601756620405284
1.5641673423123853e-5,0.4114301241173058,3.1572066788105553
2.2877475755836302e-5,3.4875587714451877,4.1953335971262495
1.555970771023329e-5,1.9964146816802244,2.418373445645225
2.3988074597729545e-5,2.003471311987618,2.683078114650181
2.0064430070189005e-5,1.7388437262161502,2.316891322207775
1.683656093808837e-5,1.6626904624927383,1.9040572195707501
2.489915019040649e-5,2.2456048816568215,3.096606011113506
1.7976538089468733e-5,2.395248489704918,2.8103447237947976
1.884925921640668e-5,1.9004742854149252,2.2155183722351026
6.898824235309366e-6,1.1960497749996923,1.7972833175375245
1.2348504816503892e-5,1.6972577686167454,2.084314912756775
1.0177252785040022e-5,1.269120847865917,1.7466534674201863
1.6358056860773026e-5,2.032965123874914,2.342905501088007
1.99400809071043e-5,1.6410270907542,1.9492676405849023
1.596836732037585e-5,1.901635738772386,2.350648696734631
5.372027661717071e-6,1.4293244707966954,1.7718698591911322
1.4668432436933207e-5,1.62379824124377,1.885007308165904
1.0233314010692074e-5,1.5542765160899121,2.0416159127202427
1.2609130993537307e-5,1.2217777242046257,1.7832100532034512
2.0471572130303245e-5,2.582811131223032,3.0742577557422868
1.4077926165793419e-5,1.575407144595534,1.8008301055639908
6.934894253053453e-6,1.3548399301671172,1.7076083568214127
1.7947919531732583e-5,1.309211854879285,1.831810490854592
1.3966150432279882e-5,1.8498341747083675,2.28485283072005
3.118338402215989e-6,0.7593739811333922,1.1527074796298495
1.575654669613024e-5,0.8199547693277341,2.5079341707799485
1.2705045533213648e-5,1.6825686768935855,1.9879928900255082
1.8236885378215136e-5,2.431942219989249,2.800372979043742
1.8893367995722372e-5,1.7312348448331791,1.9852375371122053
1.53821989170888e-5,1.0433665160481325,1.7063867768437175
1.06412984847645e-5,1.2046573663737972,1.5559573153437776
9.800802409488434e-6,1.2863289522985668,1.9050004667171168
1.539616527815236e-5,1.8020026447608621,2.0637894290386214
1.6336424054811892e-5,2.364223921854701,2.8844551354153087
3.5303947198367967e-6,0.8984348307575276,1.253583058016249
1.3607828259457581e-5,2.556916077263144,3.436397612434269
1.6131783162117993e-5,2.0315974237982335,2.7536866834882803
2.1360485720101413e-5,2.358847666911813,2.7724452196774116
9.996040731178798e-6,1.0836282489448261,1.4185528817430242
1.0766762175110493e-5,1.4114050059800047,1.856497463659922
6.38358297946126e-6,1.2524376515142803,1.6947723535345223
2.159283809529287e-5,2.4894797945407143,3.4583511778336096
8.802182578042682e-6,2.216374011501557,2.661365652915853
2.734805344206183e-5,2.5035543255870736,3.028042160036602
3.4122556617757157e-6,1.0802610048511476,1.6903036610142026
1.5396581144703818e-5,1.6757869057730497,1.955035276613625
6.689282006701075e-6,1.0996299226532045,1.5756103460193591
1.7588974536534385e-5,2.283603470755199,2.807419901711505
1.2975212740550625e-5,1.4047236442641349,1.743941289015459
1.6143879314040422e-5,1.4680937771471483,2.0573257386856483
2.1294833287261065e-5,3.3058933814063014,4.075990503330921
2.5454916994266955e-5,2.7483261861306776,3.4684220234548224
1.0237051993098971e-5,1.4422370188162539,1.7181582176533117
1.9914174019461604e-5,2.1774111792056656,2.612880936292804
2.739009290095433e-5,2.5908100043606757,3.0593183618151696
1.965170763346505e-5,2.2659914766337588,2.7029248185176544
1.3876901177443899e-5,1.8021374082330657,2.125059213890087
1.9474788089162668e-5,2.210619431195008,2.885778741625752
1.4489784099950534e-5,1.4013944315477647,1.8007350656763301
1.856577539692328e-5,1.930573109805362,2.4495472294013725
6.4408506900323305e-6,1.157031871285759,1.9711919688514496
1.2491308494649239e-5,1.8750807801888683,2.34074058316624
2.2347836305479744e-5,2.492577271876178,2.829350079673278
1.1855925666814132e-5,0.9721409980721838,1.6016704906358843
1.633780059512431e-5,1.6524143543127636,2.079677151696215
1.589587679000727e-5,2.181222204433425,2.8323513941457548
1.240207185374635e-5,1.5356964656541006,1.7884028185060334
1.085006235682444e-5,1.3800780536432955,1.7836086423598128
1.43703491410437e-5,1.1020494530528895,1.6758007569934006
2.5840213746598437e-5,2.993619716098518,3.53752001201551
9.44317036302412e-6,0.7443746400541693,1.5061443193968582
1.634499046372831e-5,1.5419964787231448,2.0330618021577784
2.1970842859323695e-5,2.17503177787109,2.4635660957713226
1.1396511454590411e-5,1.598396571734538,2.0013071589452474
2.3459355203521304e-005,2.2150782627710006,2.644279204033926
1.8632344887629374e-5,2.0102438345132034,2.375746675765303
1.3593288885383124e-5,2.163403061663506,2.50509583513398
6.091999160142301e-6,0.8886358676000223,1.3386563430224374
2.1056303843584133e-5,2.003521881267579,2.388983578851118
1.3598602905142133e-5,2.0148724436684597,2.7121748776452246
1.3038668867826375e-5,1.4402115120386079,1.7440755616691788
7.074830009559314e-6,1.4009117861925628,1.9482571348866475
2.0939977543279817e-5,2.0190401418067196,2.5363597969767127
2.7126382845776712e-5,2.5372549384103458,4.228660573409858
2.1726223570487412e-5,2.3396403864979565,2.7501327001524913
2.3166293274986027e-5,2.31469829516063,2.840830579313346
1.3235583075789065e-5,1.5847428638973877,2.063611605183384
1.4814965110164143e-5,1.1142453753169541,1.784026202478537
1.532251309645651e-5,1.531493758772675,1.8967959986752865
9.744746683904052e-6,1.573669192624978,2.3532079294563566
4.382330561116421e-6,0.9422729543193242,1.4695291909847468
3.731333221547893e-6,0.7920237353469587,1.2475057376968697
1.7086827600878404e-5,1.7314718752030651,2.0550729706182995
6.8691656037439e-6,0.9749560679832938,1.763809627917344
1.3269917573687878e-5,1.3963392852983627,2.274295511496142
1.0934050213220416e-5,2.219740330555398,2.8242533943216768
3.173993601401738e-6,1.2382636996654302,1.5702211236008359
8.042903931298367e-6,1.3844793881515274,1.7144833277664704
1.1128869542913001e-5,2.080875607439189,2.5054204352368616
1.949067584491574e-5,1.7690559367587833,2.2263239059584823
1.8742589124626304e-5,1.5250343231618713,2.0482475417664525
7.43568141056819e-6,0.483002760638071,1.5026799315916026
1.063038468873132e-5,1.2939181987158836,1.9654237662618288
2.1608812597001257e-5,2.3256667848212382,3.3967795120474706
1.1889738960143125e-5,1.4798344506300327,1.69539768842853
1.4760015679730952e-5,2.0787417796208336,2.658793084208387
6.5741821086950155e-6,1.1263013035086027,1.938502008777779
1.1975552949404309e-5,1.8699962879125116,2.277854195076296
1.725044270463256e-5,1.9163572807772113,2.79601850652757
1.3623207596626407e-5,1.9162491345981922,2.3283203467428373
1.1688695713418279e-5,1.6261245384171337,2.0429352705240746
1.7285040640803932e-5,1.9344964524021369,2.593390044492307
1.5603928037081627e-5,1.0515199401522493,1.5618615001764313
1.555699829731682e-5,1.5833443562182283,1.9623295095892432
2.2513032140193226e-5,1.8983677587002583,2.894433919867831
1.466063267076313e-5,2.066070403189327,2.4202975826289825
7.026232976175849e-6,1.160390484540815,1.5775530517937981
1.2055392498862278e-5,1.7727453691041128,2.152115642004157
8.779498947012172e-6,1.19830727041483,1.6721141108387436
2.1985730868232878e-5,2.8714784156570192,4.083580228271319
1.8478072063857867e-5,2.13201428514759,2.5558566469465136
8.221985314735408e-7,1.1194062100254412,1.7199935598307752
9.663845849332473e-6,1.1487377106343835,1.6714658297102218
1.9397421943852485e-5,1.9855651074996359,3.0405858125165732
1.494083404759676e-5,1.6803284722414717,2.0204113408320485
2.3756144874156065e-5,2.348167296842788,2.8006119370520155
1.731575137119136e-5,2.5535979248581953,3.1607587803491723
2.3450280524121484e-5,2.498557301894198,3.0775646472948184
1.18134536322146e-5,1.273005316452616,1.7024313108864608
1.2201263303166883e-5,1.243922638630665,1.9337880886188565
2.867749387989429e-5,2.817829948826807,3.872489060567978
1.3795292984298558e-5,2.0064614459912544,2.588782466881147
1.7836061377390546e-5,1.6741695005822537,2.4699413930718954
1.7637567072675073e-5,0.6225093410148275,3.747546358370387
1.6614751494947516e-5,1.1790327888977803,2.29440743364825
2.279879918527344e-5,2.3484843769500863,2.907570961970121
1.6528435137228992e-5,1.734482051904646,2.4647233477075097
7.566802095343688e-6,1.7084299554936475,2.2871040579797453
1.2775532660453523e-5,1.5961820656961427,2.060457472561304
2.2133837954627662e-5,2.3256161304785565,2.8616747736349684
7.557848255555028e-6,1.31177019508669,1.698078483758463
9.3972599380918e-6,1.1136654474910457,1.3981710797044509
1.4154160456807767e-5,1.6580689257921342,1.9718133209554047
1.1967402195168075e-5,1.3610873849713054,2.6645367131052
1.3548846016016047e-5,1.5618903577109053,2.102825691339933
1.2515146671199078e-5,1.5817735187541158,2.0954856083283944
1.3557008598294532e-5,1.7536640516042785,2.2049622908817583
2.3776352424471378e-5,2.1483254673121297,2.572390752095393
5.578437135218507e-6,0.8299903586999451,1.1447252251126854
1.265028929246708e-5,1.9101520739444353,2.5327211006490016
1.837426617959393e-5,1.9748435936579192,2.763716380627735
2.365292503614868e-5,3.099515024605708,3.724822008411508
1.3644733480674913e-5,1.8530766708410484,2.395858855904491
2.0772805359797945e-5,2.0238138775557943,2.5141383127067503
1.2540696946825596e-5,1.601517893491551,2.117386077003148
1.1774917464081804e-5,1.207146255139728,2.4889139050158873
8.966491454669554e-6,1.0441265805377697,1.5686837700586622
2.181520543167381e-5,2.5514375278802413,3.4917225893199717
1.4309632193451295e-5,1.7242173751374874,2.0342477967263486
2.1188137952306914e-5,0.6489107895810244,1.7153804958261074
7.437475265399869e-6,1.3755517359804723,2.166786069191537
1.2043625159106504e-5,1.2975958257794984,1.6015022723669026
1.5000300508642715e-5,2.226032551050814,3.3381641105379325
1.1811189807631674e-5,1.598563393586446,2.319322699292059
9.264712406463592e-6,0.5890955861301272,1.2452873846259056
1.3550247627450177e-5,1.4427282210609544,1.8049618142448447
1.5838841161400946e-5,1.7748307624138282,2.159657119637589
7.227890109096192e-6,0.41677670393702626,1.329020997142295
7.280459279469448e-6,2.365094365163378,3.396598305161204
1.2400079168445926e-5,1.2223181668084369,1.9711898333599653
1.502428593723158e-5,1.7195278953252373,2.114571385868107
1.30407842922211e-5,1.6456494752045585,2.089034873237298
1.2973325601743581e-5,1.0518967575522393,2.167556078595135
7.150640897086639e-6,1.6973645164774687,2.330954875945632
1.5018797806113349e-5,1.7063285003051227,2.1915172037461383
1.8790414743401072e-5,1.3194118076314527,1.6839117311529197
1.4165359946295967e-5,1.6502250329964512,2.004601698770294
2.4624697816164092e-5,3.0913136016754046,4.338187516169764
1.6024238310588397e-5,1.5754464401587518,2.1633936345377336
1.3658196145844438e-5,1.8536396611726844,2.262347636139016
1.2456715082460109e-5,1.346163087225642,1.8019791182526743
2.216435649976627e-5,1.986530081949447,2.6874810696590297
1.756711959758224e-5,2.742662881344068,3.467257155803156
8.704173848447299e-6,1.7234444440945311,2.0750639815676335
8.611916474770117e-6,0.8943969189160009,1.6224194817578033
1.6161686310676154e-5,1.6830656689534993,2.2001815788729973
1.0181069244043607e-5,1.5957151725993408,2.040573959655517
1.3686322809355133e-5,1.7930681938019752,2.2365102471851555
1.4198317114250325e-5,1.9677231310085075,2.3484931731782086
1.4056207388295033e-5,1.1243966935107008,1.5003911075150296
2.3993015462159438e-5,0.7915410205519544,1.6335026829431558
2.454439773499182e-5,2.744974972338765,3.3449102021603956
1.2597633066566932e-5,1.189125080403443,1.7852444286690532
1.5872603119091493e-5,0.8709544008585117,1.4389791372786604
1.3260803944868612e-5,1.547675439403441,1.9046863876447828
1.6656049485834075e-5,1.5452233419499855,2.07212687883149
1.2772210715265023e-6,1.175593816617922,1.5286986672616765
2.2980039322888848e-5,2.2992671433673633,2.7004459628520623
1.6487106601124002e-5,1.8501293462034167,2.236569283713926
1.8312116564007422e-5,1.801115977079669,2.1550083299655087
2.1621764865083485e-5,2.6753458063366193,3.737632397804253
2.1400550147662986e-5,2.124861920455841,2.5404268226035667
2.102054414116823e-5,1.9248706539024787,2.4490614227362926
1.717743591512875e-5,2.302334974577271,2.725425770156407
2.2481706096307563e-5,2.280413842703194,2.7720927200562278
2.2029202196963947e-5,2.3560384498497275,3.421855204460235
2.1341217056174427e-5,4.303787459342622,6.975033802055256
2.1487176244061072e-5,2.7498077151038784,3.343123625066898
1.7086040988077016e-5,1.6368930957105212,2.0598564982650123
1.352398884650421e-5,0.9063509697504498,1.6238896103636575
2.434658543403516e-5,1.9913793470320922,2.589254014979725
2.0012437575599463e-5,2.5244984105695285,3.0343337914145074
1.1154167746166248e-5,1.4660931427837254,1.6891174360807488
1.4013011342092377e-5,1.4788804110346654,1.6737042930228763
1.4833132134162214e-5,1.8819236544864886,2.4874795523384465
1.4689782860424e-5,1.5564688369137571,2.000283985111677
9.476979680953156e-6,1.8160234189994293,2.2807533407297127
1.4253440809894668e-5,1.2812248875344883,1.8066313049004865
5.024207823493183e-6,1.0280010633767114,1.8308968760067654
1.1238755290128463e-5,1.3874211563732832,1.6866229812172566
1.3374271698013163e-5,1.7753622876401454,2.3002825406396203
9.996968101449216e-6,1.4167410732707275,2.0639172553102423
2.1707584598784983e-6,0.9948548120536322,1.5883575630129134
1.5801770652463123e-5,1.380375417340451,1.856433672983852
1.313276188734525e-5,1.7103569346048864,2.1833568937459997
1.442326399893671e-5,1.489056619189706,1.9866449448240946
8.447033788946944e-6,1.7585679550527713,2.1760301040911747
2.0630310262524152e-5,2.160450769739567,2.509621825853264
1.73877287822975e-5,1.7223728034888817,2.136614538390215
1.5533989171292655e-5,2.456693865566602,3.0537216620477885
1.2544184255429244e-5,1.1209989738747907,1.6365771774180036
1.6581955662421312e-5,1.6784547252498374,2.150013477501887
2.8341562893826624e-6,0.9208625373597357,1.1994212652856204
1.9104654513267208e-5,1.5788720529887497,1.9047942858205826
1.8423524930876493e-5,2.0904655826990295,2.419334242796732
1.2318931961048779e-5,1.4726689128629669,1.8152050987517194
1.7925523883232336e-5,1.5792629473434308,2.0331686758449443
1.9679333041075355e-5,1.947550664368907,3.2823493028006157
1.2644536948124455e-5,1.5132204861413314,1.9024470629572203
9.151201071728784e-6,1.7947049990980983,2.1982057532301336
1.2309564812299446e-5,1.6846903865996956,2.0230559290482044
2.0417697332676315e-5,2.458218499308294,2.867955853635437
1.3938165916058273e-5,1.7358492650755877,2.3453806236411467
2.277890402293315e-5,1.7988435333317687,2.743844346366643
1.620851404513694e-5,2.163176189422351,2.6254571529482384
1.5037062665598815e-5,1.4092549835125716,1.9932899463813993
4.8837954999184705e-6,1.0659151430805505,1.6593949750535666
1.4348796484807838e-5,2.1555800167658257,2.7891636453543205
1.899288064872616e-5,2.2890418460103965,2.6544939584341276
6.971435167906185e-6,1.194365879908861,1.9321594584838229
3.0864541247003226e-6,1.086372664772345,1.5599798827591846
1.2981975026985315e-5,1.8703706447716868,2.638742299220553
1.0207000152619635e-5,1.0741623586206033,1.5808622790369256
6.399421729995268e-6,1.0759496427146447,1.339195323498223
1.6611841148955936e-5,1.9689583771358214,2.4663780894337064
1.0473926862941184e-5,1.0462880988303842,1.3311466552597708
3.803103779647628e-6,1.4841019517663274,2.4081016948050125
1.1640247708210128e-5,1.767222682922396,2.1040206305885674
1.7368141795119727e-5,1.524467005797179,1.93125258287369
9.390872566333503e-6,1.6055867104539967,2.0821202088594384
1.941992016885758e-5,2.678754628817538,3.5330132159455
2.6346103604542095e-5,2.4506658945915416,2.9086964046025967
2.656508150571799e-5,2.942576698708598,3.5185818921267287
2.6327762649989626e-6,0.585089054629206,1.3323573093916634
4.163658823045491e-6,0.9506220387476318,1.2815188211366442
2.359524342633221e-5,2.553112013792523,2.883759916664396
1.3071767447714477e-5,1.5519390843937502,1.8035227172761996
2.293916700839571e-5,2.5195706505590225,3.0831880830250475
1.8190192478299036e-5,2.3045712274874064,2.7444214990018825
1.2290612761978522e-5,1.0046319691117191,1.4454010094140175
7.1298887112194454e-006,1.2950960067240418,1.6145787864598962
1.9545102519331308e-5,2.85222353553827,3.272790903986758
1.138459776645882e-5,1.5773449515964604,1.835305115513226
2.5794471580548663e-5,2.0918933531195916,2.633392517640071
8.100704887292341e-6,1.366390463349394,1.849339497352091
2.2492034205043316e-5,0.8404330494137635,2.4718274230814337
1.5700860611797567e-5,1.4689429361566304,1.8019074204543357
1.267732134049618e-5,1.5849203438106108,1.8716719816202416
8.194951995131086e-6,1.4759477594154025,1.7558164058081835
1.1545177789646112e-5,1.5849327387677143,1.8237971039953735
1.8531011803671683e-5,1.9491944534807901,2.470457954596018
1.13502340019769e-5,1.7970052641074383,2.312091281254129
1.840863441166707e-5,1.2847372824559053,1.6814441145262347
1.0466531651529434e-5,1.274195448562764,1.6888264896893916
7.5005506836311155e-6,1.61248168755117,2.248455534938257
2.445578073330841e-6,0.8594607373040573,1.1254949708317215
1.101130776840096e-5,1.1262095943465247,1.6999434725608369
7.851324908952266e-6,1.2110289044022686,1.6987705226867602
8.97016199072858e-6,3.7682424020913654,5.775609116414554
1.0911039144501169e-5,1.2732324362793752,1.5973711854680404
1.918368992611206e-5,2.565291983218959,3.2205040515553476
1.4178125371870848e-5,1.6902000249188323,2.2460656019175538
5.8409304009078e-6,0.9453426340498938,1.2621562659230452
9.637582812075066e-6,1.677665912668472,2.5036035600346587
1.3006185264161151e-5,1.4220489049686469,2.0799472153405647
1.8137404991988895e-5,1.9882642499142462,2.337056731152216
2.178576946185235e-5,3.180249365129693,4.048200267089129
1.2892023732471152e-5,1.5735344484301068,2.1836845602816206
1.0737345737582009e-5,1.5446288450341141,2.030294232562392
1.4009961890155218e-5,1.8470647115791798,2.1542388880649415
8.305306585061479e-6,1.1694122326639698,1.4387569993005873
9.718603543885866e-6,0.7912339235889585,1.4237831088403232
1.3431339224569813e-5,1.7968772475289336,5.818250527237687
7.848011436808928e-6,1.5851876211042555,2.030159733513571
1.6062468000488945e-5,1.6589866443631476,2.127144166913087
1.1531206709647378e-5,1.5078008870966404,1.8077591526859393
1.28813948322356e-5,1.1094102255629494,2.0022353440624863
1.0111864174051871e-5,0.9167314839202363,1.5002341126662477
2.195527600319378e-5,2.381971478106684,3.4684819960687197
8.144407035836817e-6,1.036318617566052,1.3635923691632161
1.4722013679832814e-5,2.092126635998799,2.5263894864812007
7.355071274178288e-6,0.8975403658956704,1.3005299510340196
2.3039610096015097e-5,1.6636303595708077,2.0622295212966253
8.745378795939767e-6,1.0984041561250837,1.3950567004338768
2.0160520629460543e-5,2.043408181474288,2.4150425581145454
1.3021726183455343e-5,2.223955031774173,2.7239619900437235
6.9574546477406314e-6,0.935401613312886,1.4682383944861401
1.354579178481051e-5,1.0543560347724128,1.446825140727021
1.8560547546059778e-5,1.8810605499204864,2.482919394788252
2.2148342127911934e-5,2.094743912669513,3.3512024517308903
8.07171710631535e-6,1.206740141564198,1.5438316233575258
7.575704137757115e-6,1.4395797212620118,1.7645710676292348
9.281401130190577e-6,1.7161255248971288,2.127468746559921
9.903494946622437e-6,1.5417590139227058,1.9744366420818724
1.1848591140101481e-5,1.244207925347154,1.5277770388992797
1.647151845759164e-5,1.8845766706814813,2.284395778495234
8.892484017248255e-6,1.1964804414491617,1.522658317404282
1.5824721457001653e-5,1.3855301880393116,1.6978207676269856
8.3079559743717e-6,1.4497796962628557,1.819901098318745
9.40330669528265e-6,1.2887819842186141,1.8478024515398312
1.2261397475421082e-5,1.243268924758095,1.9032940628228738
1.0973695293712926e-5,1.219522449597919,1.6701683748512037
2.4148833230083414e-5,3.328680498877546,4.293747306989436
2.231950228950034e-5,1.9916334587676396,2.4387311284278588
1.4116041075547808e-5,1.8865809165417533,2.332057155568828
9.477556670580887e-6,1.3981659294988438,1.776288476075962
7.330501069635024e-6,1.0416299497828039,1.3453624968258984
1.794023370636332e-5,1.741632859514167,2.1120268528912702
1.3049691685580628e-5,1.5395154415898626,2.1139012569637545
2.3208293241083846e-5,2.019588971396343,3.413407077189621
1.5335152700390067e-5,1.8894750111436542,2.3467949099156664
2.4641230369843505e-5,2.2008537039664424,2.7832084959104626
9.145315074867494e-6,1.5130280266808682,1.7376627582700894
1.3733058560348013e-5,1.6134598500395785,1.9413273169938325
1.0148843452229565e-5,2.0706976973104547,2.6272010429416994
1.8811882776146467e-5,1.958970802096988,2.294947535360926
1.3966124300755168e-5,1.5030902941632376,1.9443794910034817
1.2384149801208276e-5,1.6888001468463765,2.2588869682156743
9.351674267195738e-6,1.6018478215218093,2.0753209316611008
2.0797119805358096e-5,1.6674357175950614,2.4342528421399825
1.8526462087884e-5,2.3111011345038848,2.7121985587888946
4.310337203714241e-6,1.0234002688790564,1.2454199175848786
1.3864667440974085e-5,1.5291933688167696,2.1390773721508434
1.4007449908371053e-5,2.0871167801116637,2.54516759938123
2.019586473690768e-5,1.9798535805752011,2.695974523219993
1.6189523982585406e-5,1.2706557810835548,1.8859228419873695
1.0342176460173085e-5,1.0767043908463838,1.5067859072123044
1.3817026817549671e-5,0.8202757184493572,3.5416268571339184
2.21273094393633e-5,2.5140970110497207,3.1673698141603692
7.593882452746138e-6,1.153382379476728,1.4958597679193635
1.3777391628133343e-5,1.7011505648647427,1.97515548580669
