"q95","q90","Median","q10","q5","escapement"
0,0,0,0,0,0
74591.860114,67323.795327,48108.574979,35610.917369,32979.50821,5000
136910.183736,123936.979701,89561.562872,67356.724536,62563.284543,10000
188051.154254,170857.869415,125155.136239,95239.582194,88845.522107,15000
230195.313688,209647.861675,155481.457474,119856.403087,111879.013939,20000
265291.165038,241926.08836,181167.303386,140781.151966,131979.557468,25000
293179.386245,268786.585241,202707.344782,158598.526642,149123.645675,30000
316189.387261,289922.124559,220142.789131,173466.286992,163615.567283,35000
334064.304861,306896.480761,234115.749885,185885.546083,175139.180381,40000
348691.760213,320798.27534,245280.263074,195789.091732,184608.293579,45000
360903.643198,332008.962283,253942.370824,202860.420261,191668.22905,50000
370339.362303,340499.299658,260172.435686,207797.037521,196081.479307,55000
378138.655599,347095.588788,264494.824105,211003.11917,198817.871104,60000
384546.837364,352251.954569,267309.125146,212180.4799,199433.588838,65000
389569.599402,355288.029884,268217.316463,211587.577598,198609.186546,70000
393017.818702,357608.895573,267793.225635,209458.756518,196346.541616,75000
395474.738241,358936.514709,266579.223968,206324.040369,192966.648996,80000
397771.033195,359477.793977,264056.994539,202432.06377,188233.413537,85000
398270.572371,359107.28118,260502.705441,197435.375862,183155.438197,90000
397860.662612,357232.971441,256410.445722,191341.325442,176885.569726,95000
397794.768454,355096.440945,251432.37123,185436.324541,170247.245332,100000
396505.623957,352440.682324,246222.743603,178682.857231,163212.07665,105000
395330.871318,349888.617075,240123.642813,171822.442394,156476.056356,110000
392870.178232,346790.987221,234024.147701,164842.346011,149383.412086,115000
390525.638695,343394.49814,227589.293013,157991.163059,142021.527743,120000
388351.155893,338902.726798,221145.518368,150656.234953,134982.221559,125000
384237.623948,334316.282693,214213.336305,143325.624503,128122.572293,130000
379661.797019,329322.354091,207315.597447,136104.005852,121329.667597,135000
375183.044471,324433.632398,200402.719833,129264.929252,114731.689209,140000
370726.815058,318876.623795,193279.784406,122482.695169,108306.068723,145000
366164.950557,313388.585743,186316.0142,115919.263751,101840.530143,150000
361245.264432,308085.485389,179441.634728,109645.094179,95679.317193,155000
356209.838741,302034.215378,172564.347139,103452.323357,89905.133147,160000
351264.087325,296127.225392,165864.311418,97527.02852,84288.671739,165000
345760.149089,288947.859217,159129.724743,91873.704179,79044.992897,170000
338969.647151,282826.843526,152728.141583,86559.857788,74065.130557,175000
333279.248069,276586.213845,146271.712792,81505.045742,69119.02913,180000
328181.760681,270361.592791,140003.499428,76554.041127,64586.184528,185000
321753.644472,263763.417235,133893.794543,71815.142091,60265.049871,190000
316063.895706,257628.10535,128066.930565,67335.810052,56052.065914,195000
309741.312893,250933.674925,122504.34523,63052.606811,52306.592979,200000
303683.970942,245024.732036,117096.197608,58983.105793,48727.203094,205000
297708.400666,238680.786766,111901.449928,55096.626355,45410.763213,210000
291096.934058,232214.729306,106726.268223,51439.532333,42202.86846,215000
285227.875728,225711.044126,101868.142597,48075.931059,39153.115008,220000
279423.331922,219690.743787,97119.48355,44965.936869,36295.18815,225000
273430.358214,213870.898136,92496.713859,41948.004316,33695.170392,230000
267334.115311,208107.094892,88090.280327,39206.780142,31233.192957,235000
260808.81882,202019.040097,83853.471454,36631.187051,28969.918946,240000
254690.976269,196145.482288,79718.335058,34151.850343,26878.077947,245000
248453.645615,190638.310617,75772.692386,31814.563149,24917.695434,250000
242099.526331,184858.484765,72088.95367,29679.723505,23063.259449,255000
237041.760354,179817.277096,68510.684838,27587.217314,21344.974962,260000
230864.759695,174671.690509,65103.233131,25720.518463,19751.415947,265000
225410.425888,169341.8526,61854.934625,23920.944525,18263.812468,270000
220132.621595,164121.086358,58722.636645,22232.78725,16849.086316,275000
214325.836981,158969.585695,55708.433576,20686.882185,15563.52684,280000
208963.053956,154457.125798,52833.105215,19179.361606,14362.083299,285000
203717.69071,149423.190271,50096.419933,17819.562868,13245.684077,290000
198523.767546,144305.505882,47509.700978,16540.6077,12225.76458,295000
193802.924073,139584.071283,45010.828291,15339.773371,11289.646524,300000
188510.195784,135096.663792,42618.603767,14216.712777,10397.810597,305000
182982.612273,130665.487409,40298.014696,13185.864954,9618.082971,310000
177706.965665,126103.727707,38146.966448,12208.081403,8869.801068,315000
173065.749104,122008.848264,36108.974591,11320.184024,8156.836347,320000
168191.865081,117892.155004,34193.216589,10477.390178,7520.523224,325000
163410.433761,113878.885612,32350.428513,9710.571052,6935.364792,330000
158993.651392,110025.660431,30594.441346,8994.960099,6389.122218,335000
154266.722238,106331.886605,28900.668439,8333.968466,5886.881922,340000
149797.159578,102731.027474,27327.998051,7709.899781,5425.875268,345000
145604.59644,99241.309675,25875.16932,7140.790799,4994.452443,350000
141212.620829,95890.043556,24447.065616,6614.428428,4594.128799,355000
137001.526882,92735.100519,23086.13868,6120.994075,4227.013393,360000
133120.797896,89690.432628,21833.114544,5670.700132,3885.385568,365000
129339.055067,86578.159065,20617.566636,5249.241682,3569.832792,370000
125084.438668,83584.436489,19484.029018,4852.635743,3281.772125,375000
121603.960168,80772.13582,18402.988931,4491.159957,3015.020451,380000
117847.615644,78034.952399,17390.382752,4155.26282,2778.83712,385000
114379.002634,75324.23921,16415.911665,3841.530576,2553.495794,390000
110817.537732,72594.861162,15473.895731,3550.493361,2348.034436,395000
107450.893421,69915.154705,14583.221399,3274.299011,2157.97757,400000
103838.01364,67350.432915,13753.007958,3024.049595,1985.507278,405000
100700.0402,65076.098251,12990.344253,2790.314045,1822.298797,410000
97405.232375,62889.282524,12252.685337,2575.042744,1672.179311,415000
94345.704406,60624.979199,11539.812689,2378.645687,1533.048514,420000
91279.396257,58428.432843,10870.733434,2194.406494,1404.692726,425000
88329.639166,56224.455791,10253.584295,2023.124622,1289.728138,430000
85740.820598,54135.458498,9661.896146,1865.058281,1179.470054,435000
83310.505512,52134.345904,9118.290242,1719.751384,1081.814881,440000
80958.947669,50272.025617,8591.954196,1588.554608,992.445383,445000
78241.139485,48465.827832,8101.701748,1467.12284,911.025209,450000
75694.723072,46569.339588,7635.881996,1354.254227,836.226765,455000
73278.995444,44894.530355,7190.032541,1246.581582,767.967711,460000
70907.149953,43173.818062,6770.171186,1151.024582,704.395339,465000
68755.3483,41640.000835,6382.285975,1060.720414,645.890017,470000
66572.391243,40059.053763,6012.307203,976.162542,592.005969,475000
64682.626602,38629.821776,5664.168941,901.233542,541.572052,480000
62602.642099,37170.002732,5330.179605,832.439094,496.520171,485000
60679.449103,35788.275016,5016.20992,766.994564,455.209602,490000
58764.983873,34477.852453,4719.799656,705.556998,417.328078,495000
56876.176137,33175.310878,4442.120824,649.135877,382.157318,500000
55032.307339,31909.075673,4182.206212,596.896942,349.454509,505000
53250.52242,30618.741816,3935.075804,549.806506,320.050291,510000
51515.23319,29452.226653,3707.015402,507.80028,292.505326,515000
49846.88117,28341.609038,3484.756059,468.037081,267.557625,520000
48312.609175,27259.989056,3278.055754,430.769476,244.875058,525000
46820.9971,26240.914637,3087.116671,396.851642,224.133809,530000
45268.972105,25241.368479,2907.451825,365.628806,204.937253,535000
43832.604323,24268.068412,2737.961511,336.420692,187.675951,540000
42457.16359,23337.396552,2575.619677,309.728765,172.004917,545000
41137.076179,22415.889118,2422.324048,285.108826,157.297842,550000
39806.093163,21549.366309,2277.756268,262.430348,143.821683,555000
38586.046065,20710.255474,2138.821121,241.514907,131.467377,560000
37347.424186,19890.864878,2009.988887,221.776112,120.231064,565000
36123.879348,19124.895276,1888.678762,203.991551,110.115178,570000
34895.415864,18376.189019,1777.360329,187.691819,100.593615,575000
33766.405402,17653.913453,1672.721646,172.728137,91.943043,580000
32671.522207,16964.413721,1573.382174,158.891106,83.886279,585000
31609.831552,16297.677039,1477.946158,146.089895,76.813786,590000
30605.064714,15667.707464,1387.722547,134.320401,70.16813,595000
29580.568115,15044.51899,1304.008096,123.633116,64.201535,600000
28612.462537,14439.482546,1222.78228,113.863783,58.718769,605000
27606.821446,13863.10715,1149.590115,104.750446,53.679814,610000
26625.391842,13312.591646,1080.418428,96.342503,49.060003,615000
25649.595605,12784.517829,1015.221764,88.593005,44.840477,620000
24775.961912,12273.316455,954.49053,81.447936,41.051597,625000
23967.204903,11790.254195,895.608332,74.886342,37.531423,630000
23121.857317,11313.26556,841.600311,68.859023,34.252689,635000
22360.123942,10871.035307,789.928121,63.185648,31.296274,640000
21633.872537,10434.580856,741.884731,58.031224,28.614539,645000
20925.627293,10011.849938,696.852148,53.285233,26.175083,650000
20231.075126,9604.949598,654.341953,48.925421,23.919301,655000
19504.980784,9217.810538,614.709905,44.934914,21.856313,660000
18870.887057,8846.008402,577.467424,41.250205,19.951343,665000
18254.886958,8488.732533,542.391973,37.850809,18.239267,670000
17656.1004,8153.764907,509.340676,34.734818,16.666182,675000
17046.256976,7824.866585,477.939907,31.910318,15.23178,680000
16457.890932,7501.791419,448.385534,29.356716,13.917802,685000
15874.956899,7195.890308,420.870373,27.010957,12.716843,690000
15290.353449,6901.463373,394.600165,24.829813,11.620122,695000
14770.526826,6621.209585,370.317621,22.793687,10.617578,700000
14287.758581,6347.837545,347.416146,20.944915,9.694885,705000
13791.66316,6088.36357,326.209967,19.26068,8.849916,710000
13312.136521,5842.374621,306.309352,17.731033,8.080034,715000
12848.657941,5603.570981,287.66159,16.286789,7.387409,720000
12399.179554,5373.527609,270.195747,14.949028,6.754606,725000
11962.726419,5151.76905,253.647395,13.727276,6.172235,730000
11552.175045,4937.44898,237.905471,12.59197,5.644573,735000
11164.700476,4732.054753,223.483224,11.56266,5.161625,740000
10789.729767,4536.254615,209.706799,10.624609,4.719212,745000
10426.882996,4345.997118,196.715074,9.763105,4.316905,750000
10075.790612,4167.639002,184.607301,8.960188,3.942269,755000
9736.093212,3993.633168,172.949131,8.212936,3.599046,760000
9407.146558,3830.50041,162.267881,7.525043,3.279494,765000
9087.777407,3671.312665,152.10052,6.907643,2.988279,770000
8756.992341,3518.918434,142.758194,6.342896,2.726138,775000
8436.765298,3372.661244,133.903414,5.82482,2.4889,780000
8128.508515,3234.582676,125.489489,5.349315,2.272379,785000
7836.60131,3102.608699,117.69644,4.913056,2.071645,790000
7548.380401,2977.736763,110.532471,4.515249,1.889953,795000
7270.474908,2857.004984,103.711058,4.149703,1.723871,800000
7002.559319,2738.523516,97.187702,3.806082,1.571121,805000
6756.93317,2624.644249,91.050338,3.488322,1.433066,810000
6502.072462,2515.247519,85.287964,3.197874,1.307093,815000
6273.249265,2409.284355,79.863846,2.932816,1.192151,820000
6046.897057,2306.425593,74.805314,2.686797,1.087071,825000
5815.414382,2210.846708,70.10412,2.463184,0.991812,830000
5601.244313,2118.696338,65.717606,2.26226,0.904506,835000
5393.934301,2029.029811,61.701594,2.077787,0.824856,840000
5201.514108,1943.418802,57.851159,1.90829,0.75228,845000
5016.96722,1861.212743,54.233049,1.750756,0.686181,850000
4837.933982,1782.795665,50.854524,1.605282,0.6262,855000
4663.740452,1708.021988,47.70137,1.471978,0.570456,860000
4495.459127,1635.28743,44.728989,1.351077,0.520122,865000
4333.134621,1566.096485,41.938449,1.238487,0.474213,870000
4178.869785,1499.783557,39.320728,1.13601,0.432342,875000
4030.243959,1436.231613,36.854307,1.042323,0.393971,880000
3886.180867,1375.328228,34.570698,0.956265,0.35887,885000
3747.971104,1318.47642,32.438184,0.877498,0.327596,890000
3614.373064,1263.267297,30.403948,0.805108,0.29861,895000
3485.428474,1209.727111,28.468135,0.738616,0.2722,900000
3360.874145,1158.66624,26.641778,0.677582,0.248119,905000
3240.654363,1112.267722,24.970946,0.621723,0.226181,910000
3124.640556,1064.838313,23.390905,0.570364,0.206194,915000
3012.690022,1019.299925,21.911756,0.523231,0.187887,920000
2904.664688,975.723888,20.521622,0.479979,0.170947,925000
2799.120443,934.79151,19.229173,0.440289,0.155919,930000
2693.433747,894.293659,18.023086,0.40387,0.142324,935000
2591.576277,855.525829,16.887519,0.370453,0.129701,940000
2495.277636,818.743543,15.826524,0.339857,0.118215,945000
2400.800647,782.793571,14.830277,0.311783,0.107745,950000
2312.268965,748.814864,13.896796,0.285862,0.0982,955000
2228.138717,716.29145,13.010014,0.262219,0.089447,960000
2146.73139,685.162057,12.184813,0.240532,0.081555,965000
2068.117628,655.367938,11.412902,0.220781,0.074313,970000
1992.330322,627.094263,10.689951,0.202367,0.067712,975000
1919.27033,600.134564,10.0185,0.185618,0.061696,980000
1844.935127,574.316959,9.388769,0.17027,0.056213,985000
1777.35639,549.595866,8.796778,0.156187,0.051218,990000
1711.526272,526.260127,8.239462,0.143265,0.046667,995000
1648.546333,503.718352,7.717585,0.131409,0.042519,1000000
1587.84422,482.32754,7.229942,0.12047,0.038737,1005000
1529.19111,461.445469,6.774085,0.110445,0.03522,1010000
1471.117663,441.456657,6.342569,0.101274,0.03206,1015000
1418.473129,422.323468,5.938398,0.092869,0.029238,1020000
1366.228297,404.009824,5.559615,0.08516,0.026664,1025000
1315.777377,386.481138,5.206329,0.078064,0.024312,1030000
1267.126205,369.698747,4.878466,0.071448,0.022147,1035000
1220.245444,353.647388,4.566766,0.065484,0.020175,1040000
1175.072004,338.289084,4.272831,0.060034,0.018359,1045000
1131.54498,323.584696,3.997991,0.055035,0.01674,1050000
1089.605577,309.519993,3.738559,0.050452,0.015249,1055000
1049.197044,296.115624,3.496872,0.04625,0.013884,1060000
1010.264603,283.170553,3.275235,0.042396,0.012641,1065000
972.755384,270.847141,3.065715,0.038865,0.011508,1070000
936.61836,259.04878,2.871829,0.035623,0.010487,1075000
901.784873,247.51514,2.688318,0.032653,0.009559,1080000
868.215948,236.690263,2.515512,0.029908,0.008707,1085000
835.878886,226.333997,2.354985,0.027426,0.007928,1090000
804.729309,216.426311,2.20444,0.025144,0.00722,1095000
774.724398,207.038195,2.062016,0.023046,0.006575,1100000
745.822843,198.082476,1.930771,0.021122,0.005988,1105000
717.984786,189.510272,1.809881,0.019359,0.005453,1110000
691.171778,181.243641,1.695751,0.017742,0.004966,1115000
665.346726,173.323368,1.588625,0.016261,0.004529,1120000
640.47385,165.745909,1.488879,0.014897,0.004125,1125000
616.420487,158.496598,1.394106,0.013656,0.003755,1130000
593.065694,151.758058,1.305578,0.012516,0.003418,1135000
570.584696,145.318295,1.222435,0.011474,0.003111,1140000
548.94532,139.076158,1.14465,0.010511,0.002831,1145000
528.116552,133.011441,1.071807,0.009623,0.002577,1150000
508.068498,127.284966,1.003413,0.008813,0.002347,1155000
488.772343,121.80761,0.9391,0.008074,0.002136,1160000
470.200316,116.417537,0.879255,0.0074,0.001945,1165000
452.325649,111.351484,0.823209,0.006781,0.001771,1170000
435.122548,106.509092,0.770642,0.006212,0.001611,1175000
418.566151,101.858468,0.720543,0.005692,0.001466,1180000
402.6325,97.396207,0.674432,0.005216,0.001335,1185000
387.298509,93.034265,0.631118,0.004782,0.001216,1190000
372.541932,88.904596,0.590789,0.004382,0.001107,1195000
358.334397,84.987882,0.553212,0.004011,0.001008,1200000
344.639265,81.232294,0.51772,0.003675,0.000918,1205000
331.461861,77.68153,0.484332,0.003368,0.000835,1210000
318.782878,74.284705,0.453141,0.003087,0.00076,1215000
306.583717,71.037263,0.423577,0.002829,0.000692,1220000
294.84646,67.933582,0.395906,0.002592,0.00063,1225000
283.553848,64.964423,0.37032,0.002373,0.000573,1230000
272.714341,62.124011,0.346511,0.002172,0.000522,1235000
262.296317,59.395671,0.324224,0.001986,0.000475,1240000
252.2722,56.793939,0.303313,0.00182,0.000432,1245000
242.627286,54.311456,0.283902,0.001667,0.000393,1250000
233.632172,51.933517,0.26563,0.001528,0.000358,1255000
224.970079,49.655767,0.248567,0.001399,0.000326,1260000
216.571976,47.477169,0.232591,0.00128,0.000297,1265000
208.616344,45.391449,0.217638,0.001173,0.00027,1270000
200.89664,43.392332,0.203624,0.001074,0.000246,1275000
193.459624,41.489079,0.190431,0.000982,0.000224,1280000
186.295078,39.694528,0.178064,0.000898,0.000204,1285000
179.393147,37.971851,0.166681,0.000821,0.000185,1290000
172.744327,36.30489,0.156013,0.000752,0.000169,1295000
166.339452,34.707236,0.145962,0.000688,0.000154,1300000
160.169684,33.1794,0.136495,0.00063,0.00014,1305000
154.226498,31.718355,0.127684,0.000577,0.000127,1310000
148.493162,30.321207,0.119458,0.000528,0.000116,1315000
142.970535,28.985182,0.111717,0.000483,0.000105,1320000
137.651281,27.70763,0.104475,0.000443,0.000096,1325000
132.423673,26.48601,0.097702,0.000405,0.000087,1330000
127.392799,25.317894,0.091384,0.000371,0.000079,1335000
122.551337,24.200957,0.0855,0.00034,0.000072,1340000
117.892234,23.132974,0.079993,0.000311,0.000066,1345000
113.408696,22.111816,0.07484,0.000285,0.00006,1350000
109.094178,21.134801,0.069974,0.000261,0.000054,1355000
104.942376,20.200218,0.065423,0.000239,0.00005,1360000
100.947218,19.308043,0.061181,0.000219,0.000045,1365000
97.102857,18.455088,0.05719,0.0002,0.000041,1370000
93.40366,17.639579,0.053441,0.000183,0.000037,1375000
89.844201,16.859883,0.049937,0.000168,0.000034,1380000
86.415296,16.11444,0.046696,0.000154,0.000031,1385000
83.110553,15.401755,0.043674,0.000141,0.000028,1390000
79.931166,14.720399,0.040845,0.000129,0.000026,1395000
76.872425,14.069004,0.038198,0.000118,0.000023,1400000
73.971641,13.445647,0.035706,0.000108,0.000021,1405000
71.189624,12.849296,0.033379,0.000099,0.000019,1410000
68.466935,12.279241,0.031206,0.000091,0.000017,1415000
65.762277,11.734331,0.029182,0.000083,0.000016,1420000
63.242426,11.213464,0.027294,0.000076,0.000014,1425000
60.819864,10.712656,0.025527,0.00007,0.000013,1430000
58.533164,10.241569,0.023875,0.000064,0.000012,1435000
56.325547,9.789084,0.022329,0.000058,0.000011,1440000
54.200539,9.35648,0.020883,0.000053,0.00001,1445000
52.155078,8.94135,0.01953,0.000049,0.000009,1450000
50.186215,8.544528,0.018265,0.000045,0.000008,1455000
48.287345,8.16522,0.017086,0.000041,0.000007,1460000
46.459742,7.804945,0.015977,0.000037,0.000007,1465000
44.700792,7.460805,0.014943,0.000034,0.000006,1470000
42.994571,7.131757,0.013969,0.000031,0.000006,1475000
41.33286,6.817143,0.013061,0.000029,0.000005,1480000
39.734921,6.515932,0.01222,0.000026,0.000005,1485000
38.198327,6.225393,0.011429,0.000024,0.000004,1490000
36.720742,5.947742,0.010686,0.000022,0.000004,1495000
35.29992,5.68241,0.00999,0.00002,0.000004,1500000
33.933698,5.428855,0.009338,0.000018,0.000003,1505000
32.619993,5.186557,0.008729,0.000017,0.000003,1510000
31.356805,4.955019,0.00816,0.000015,0.000003,1515000
30.142206,4.733766,0.007629,0.000014,0.000002,1520000
28.98014,4.522353,0.007134,0.000013,0.000002,1525000
27.873826,4.321175,0.00667,0.000012,0.000002,1530000
26.80946,4.128903,0.006235,0.000011,0.000002,1535000
25.785463,3.945144,0.005827,0.00001,0.000002,1540000
24.800317,3.769523,0.005444,0.000009,0.000002,1545000
23.852559,3.6013,0.005087,0.000008,0.000001,1550000
22.940782,3.440498,0.004753,0.000008,0.000001,1555000
22.063629,3.286843,0.00444,0.000007,0.000001,1560000
21.219798,3.141774,0.004149,0.000006,0.000001,1565000
20.40803,3.003142,0.00388,0.000006,0.000001,1570000
19.627118,2.869629,0.003628,0.000005,0.000001,1575000
18.87579,2.739689,0.003392,0.000005,0.000001,1580000
18.152322,2.615537,0.00317,0.000004,0.000001,1585000
17.455709,2.498446,0.002962,0.000004,0.000001,1590000
16.785573,2.384266,0.002769,0.000004,0.000001,1595000
16.141007,2.278434,0.002589,0.000003,0.000001,1600000
15.521044,2.177459,0.00242,0.000003,0,1605000
14.924749,2.080938,0.002263,0.000003,0,1610000
14.351226,1.988206,0.002115,0.000003,0,1615000
13.799612,1.89942,0.001977,0.000002,0,1620000
13.253841,1.814582,0.001848,0.000002,0,1625000
12.726418,1.733585,0.001728,0.000002,0,1630000
12.219869,1.656697,0.001615,0.000002,0,1635000
11.758647,1.583534,0.00151,0.000002,0,1640000
11.323506,1.513587,0.001411,0.000002,0,1645000
10.904368,1.446596,0.001319,0.000001,0,1650000
10.491743,1.382724,0.001233,0.000001,0,1655000
10.088702,1.321672,0.001153,0.000001,0,1660000
9.700253,1.26324,0.001078,0.000001,0,1665000
9.311265,1.206389,0.001007,0.000001,0,1670000
8.936868,1.152711,0.000941,0.000001,0,1675000
8.59285,1.101936,0.000879,0.000001,0,1680000
8.26412,1.053389,0.000821,0.000001,0,1685000
7.947896,1.005997,0.000767,0.000001,0,1690000
7.63623,0.960547,0.000717,0.000001,0,1695000
7.3365,0.917143,0.00067,0.000001,0,1700000
7.048473,0.876067,0.000626,0.000001,0,1705000
6.778997,0.836948,0.000585,0,0,1710000
6.521181,0.799569,0.000547,0,0,1715000
6.273804,0.76379,0.000511,0,0,1720000
6.03576,0.729059,0.000477,0,0,1725000
5.806699,0.695861,0.000446,0,0,1730000
5.586285,0.664169,0.000417,0,0,1735000
5.374193,0.63451,0.00039,0,0,1740000
5.17011,0.605742,0.000365,0,0,1745000
4.973689,0.578497,0.000341,0,0,1750000
4.782943,0.552686,0.000318,0,0,1755000
4.598437,0.527987,0.000297,0,0,1760000
4.420925,0.504388,0.000278,0,0,1765000
4.249777,0.481728,0.00026,0,0,1770000
4.081683,0.460196,0.000243,0,0,1775000
3.920111,0.439645,0.000227,0,0,1780000
3.765819,0.420007,0.000212,0,0,1785000
3.620358,0.401244,0.000198,0,0,1790000
3.477792,0.383316,0.000185,0,0,1795000
3.340815,0.366186,0.000173,0,0,1800000
3.209208,0.349819,0.000161,0,0,1805000
3.082762,0.334181,0.000151,0,0,1810000
2.961275,0.319229,0.000141,0,0,1815000
2.846274,0.304893,0.000132,0,0,1820000
2.737851,0.29109,0.000123,0,0,1825000
2.633539,0.277935,0.000115,0,0,1830000
2.533142,0.265342,0.000107,0,0,1835000
2.436555,0.253341,0.0001,0,0,1840000
2.343633,0.241861,0.000094,0,0,1845000
2.25419,0.230898,0.000088,0,0,1850000
2.168136,0.220431,0.000082,0,0,1855000
2.085353,0.210436,0.000077,0,0,1860000
2.004362,0.200894,0.000072,0,0,1865000
1.925809,0.191782,0.000067,0,0,1870000
1.850314,0.183083,0.000063,0,0,1875000
1.777716,0.174764,0.000059,0,0,1880000
1.707955,0.166818,0.000055,0,0,1885000
1.640919,0.159329,0.000051,0,0,1890000
1.576501,0.152241,0.000048,0,0,1895000
1.514495,0.145388,0.000045,0,0,1900000
1.454917,0.138765,0.000042,0,0,1905000
1.397673,0.132399,0.000039,0,0,1910000
1.342672,0.126325,0.000036,0,0,1915000
1.289827,0.120528,0.000034,0,0,1920000
1.238306,0.115046,0.000032,0,0,1925000
1.18855,0.109858,0.00003,0,0,1930000
1.140785,0.104937,0.000028,0,0,1935000
1.094933,0.10021,0.000026,0,0,1940000
1.050917,0.09566,0.000024,0,0,1945000
1.008663,0.091316,0.000023,0,0,1950000
0.968102,0.087169,0.000021,0,0,1955000
0.929166,0.083209,0.00002,0,0,1960000
0.891791,0.079429,0.000018,0,0,1965000
0.855913,0.07582,0.000017,0,0,1970000
0.821473,0.072386,0.000016,0,0,1975000
0.788414,0.069115,0.000015,0,0,1980000
0.756681,0.065993,0.000014,0,0,1985000
0.726943,0.063044,0.000013,0,0,1990000
0.698623,0.060227,0.000012,0,0,1995000
0.671402,0.057535,0.000011,0,0,2000000
0.645238,0.054964,0.000011,0,0,2005000
0.62009,0.052505,0.00001,0,0,2010000
0.595918,0.050153,0.000009,0,0,2015000
0.572682,0.047906,0.000009,0,0,2020000
0.550337,0.04576,0.000008,0,0,2025000
0.528861,0.043709,0.000008,0,0,2030000
0.50822,0.04175,0.000007,0,0,2035000
0.488382,0.039862,0.000007,0,0,2040000
0.469315,0.038043,0.000006,0,0,2045000
0.45099,0.036307,0.000006,0,0,2050000
0.433378,0.03465,0.000005,0,0,2055000
0.416452,0.033068,0.000005,0,0,2060000
0.400092,0.031559,0.000005,0,0,2065000
0.384115,0.030118,0.000004,0,0,2070000
0.368774,0.028759,0.000004,0,0,2075000
0.354044,0.027466,0.000004,0,0,2080000
0.340101,0.026227,0.000004,0,0,2085000
0.326946,0.025043,0.000003,0,0,2090000
0.314298,0.023913,0.000003,0,0,2095000
0.302138,0.022833,0.000003,0,0,2100000
0.290446,0.021802,0.000003,0,0,2105000
0.279205,0.020808,0.000003,0,0,2110000
0.268391,0.019846,0.000002,0,0,2115000
0.257953,0.018928,0.000002,0,0,2120000
0.24776,0.018053,0.000002,0,0,2125000
0.237966,0.017218,0.000002,0,0,2130000
0.228546,0.016422,0.000002,0,0,2135000
0.219497,0.015668,0.000002,0,0,2140000
0.210805,0.014957,0.000002,0,0,2145000
0.202425,0.014277,0.000001,0,0,2150000
0.194325,0.013628,0.000001,0,0,2155000
0.186549,0.013008,0.000001,0,0,2160000
0.179082,0.012417,0.000001,0,0,2165000
0.171913,0.011852,0.000001,0,0,2170000
0.165031,0.011313,0.000001,0,0,2175000
0.158423,0.010799,0.000001,0,0,2180000
0.152079,0.010312,0.000001,0,0,2185000
0.145988,0.009849,0.000001,0,0,2190000
0.14014,0.009406,0.000001,0,0,2195000
0.13454,0.008983,0.000001,0,0,2200000
0.12927,0.008579,0.000001,0,0,2205000
0.124207,0.008194,0.000001,0,0,2210000
0.119341,0.007825,0.000001,0,0,2215000
0.114665,0.00747,0.000001,0,0,2220000
0.110172,0.007129,0.000001,0,0,2225000
0.105854,0.006803,0,0,0,2230000
0.101705,0.006492,0,0,0,2235000
0.097718,0.006195,0,0,0,2240000
0.093887,0.005912,0,0,0,2245000
0.090173,0.005646,0,0,0,2250000
0.086597,0.005391,0,0,0,2255000
0.083158,0.005149,0,0,0,2260000
0.079849,0.004916,0,0,0,2265000
0.076637,0.004694,0,0,0,2270000
0.073554,0.004482,0,0,0,2275000
0.070594,0.00428,0,0,0,2280000
0.067754,0.004086,0,0,0,2285000
0.065117,0.003902,0,0,0,2290000
0.062595,0.003725,0,0,0,2295000
0.060134,0.003554,0,0,0,2300000
0.057748,0.00339,0,0,0,2305000
0.055456,0.003235,0,0,0,2310000
0.053255,0.003086,0,0,0,2315000
0.051142,0.002944,0,0,0,2320000
0.049111,0.002808,0,0,0,2325000
0.047162,0.002679,0,0,0,2330000
0.045289,0.002556,0,0,0,2335000
0.043491,0.002439,0,0,0,2340000
0.041763,0.002326,0,0,0,2345000
0.040103,0.002219,0,0,0,2350000
0.038509,0.002117,0,0,0,2355000
0.036978,0.002019,0,0,0,2360000
0.035507,0.001927,0,0,0,2365000
0.034096,0.001838,0,0,0,2370000
0.03274,0.001753,0,0,0,2375000
0.031437,0.001673,0,0,0,2380000
0.030188,0.001596,0,0,0,2385000
0.028995,0.001523,0,0,0,2390000
0.027848,0.001453,0,0,0,2395000
0.026747,0.001387,0,0,0,2400000
0.02569,0.001324,0,0,0,2405000
0.024674,0.001263,0,0,0,2410000
0.023698,0.001205,0,0,0,2415000
0.02276,0.00115,0,0,0,2420000
0.02186,0.001097,0,0,0,2425000
0.020995,0.001046,0,0,0,2430000
0.020164,0.000998,0,0,0,2435000
0.019366,0.000953,0,0,0,2440000
0.0186,0.00091,0,0,0,2445000
0.017863,0.000869,0,0,0,2450000
0.017155,0.000829,0,0,0,2455000
0.016475,0.000791,0,0,0,2460000
0.015823,0.000755,0,0,0,2465000
0.015195,0.000721,0,0,0,2470000
0.014593,0.000688,0,0,0,2475000
0.014014,0.000656,0,0,0,2480000
0.013459,0.000626,0,0,0,2485000
0.012925,0.000598,0,0,0,2490000
0.012413,0.00057,0,0,0,2495000
0.01192,0.000544,0,0,0,2500000
0.011448,0.000519,0,0,0,2505000
0.010993,0.000496,0,0,0,2510000
0.010557,0.000473,0,0,0,2515000
0.010139,0.000451,0,0,0,2520000
0.009736,0.000431,0,0,0,2525000
0.009349,0.000411,0,0,0,2530000
0.008978,0.000392,0,0,0,2535000
0.008622,0.000374,0,0,0,2540000
0.008279,0.000358,0,0,0,2545000
0.00795,0.000341,0,0,0,2550000
0.007634,0.000326,0,0,0,2555000
0.007331,0.000311,0,0,0,2560000
0.007035,0.000296,0,0,0,2565000
0.006749,0.000283,0,0,0,2570000
0.006475,0.00027,0,0,0,2575000
0.006211,0.000257,0,0,0,2580000
0.005958,0.000245,0,0,0,2585000
0.005718,0.000234,0,0,0,2590000
0.00549,0.000224,0,0,0,2595000
0.005272,0.000213,0,0,0,2600000
0.005062,0.000204,0,0,0,2605000
0.00486,0.000194,0,0,0,2610000
0.004667,0.000185,0,0,0,2615000
0.004481,0.000177,0,0,0,2620000
0.004303,0.000169,0,0,0,2625000
0.004131,0.000161,0,0,0,2630000
0.003967,0.000154,0,0,0,2635000
0.003809,0.000147,0,0,0,2640000
0.003657,0.00014,0,0,0,2645000
0.003511,0.000133,0,0,0,2650000
0.003371,0.000127,0,0,0,2655000
0.003237,0.000121,0,0,0,2660000
0.003107,0.000116,0,0,0,2665000
0.002982,0.000111,0,0,0,2670000
0.002862,0.000105,0,0,0,2675000
0.002746,0.000101,0,0,0,2680000
0.002636,0.000096,0,0,0,2685000
0.00253,0.000092,0,0,0,2690000
0.002428,0.000087,0,0,0,2695000
0.00233,0.000083,0,0,0,2700000
0.002237,0.00008,0,0,0,2705000
0.002149,0.000076,0,0,0,2710000
0.002064,0.000072,0,0,0,2715000
0.001982,0.000069,0,0,0,2720000
0.001903,0.000066,0,0,0,2725000
0.001828,0.000063,0,0,0,2730000
0.001756,0.00006,0,0,0,2735000
0.001686,0.000057,0,0,0,2740000
0.001619,0.000055,0,0,0,2745000
0.001555,0.000052,0,0,0,2750000
0.001493,0.00005,0,0,0,2755000
0.001434,0.000047,0,0,0,2760000
0.001377,0.000045,0,0,0,2765000
0.001322,0.000043,0,0,0,2770000
0.00127,0.000041,0,0,0,2775000
0.001219,0.000039,0,0,0,2780000
0.00117,0.000038,0,0,0,2785000
0.001124,0.000036,0,0,0,2790000
0.001079,0.000034,0,0,0,2795000
0.001036,0.000033,0,0,0,2800000
0.000994,0.000031,0,0,0,2805000
0.000955,0.00003,0,0,0,2810000
0.000917,0.000028,0,0,0,2815000
0.00088,0.000027,0,0,0,2820000
0.000845,0.000026,0,0,0,2825000
0.000811,0.000025,0,0,0,2830000
0.000779,0.000024,0,0,0,2835000
0.000748,0.000022,0,0,0,2840000
0.000718,0.000021,0,0,0,2845000
0.000689,0.00002,0,0,0,2850000
0.000662,0.00002,0,0,0,2855000
0.000635,0.000019,0,0,0,2860000
0.00061,0.000018,0,0,0,2865000
0.000585,0.000017,0,0,0,2870000
0.000562,0.000016,0,0,0,2875000
0.00054,0.000015,0,0,0,2880000
0.000518,0.000015,0,0,0,2885000
0.000497,0.000014,0,0,0,2890000
0.000477,0.000013,0,0,0,2895000
0.000458,0.000013,0,0,0,2900000
0.00044,0.000012,0,0,0,2905000
0.000422,0.000012,0,0,0,2910000
0.000405,0.000011,0,0,0,2915000
0.000389,0.000011,0,0,0,2920000
0.000374,0.00001,0,0,0,2925000
0.000359,0.00001,0,0,0,2930000
0.000344,0.000009,0,0,0,2935000
0.000331,0.000009,0,0,0,2940000
0.000317,0.000008,0,0,0,2945000
0.000305,0.000008,0,0,0,2950000
0.000292,0.000008,0,0,0,2955000
0.000281,0.000007,0,0,0,2960000
0.00027,0.000007,0,0,0,2965000
0.000259,0.000007,0,0,0,2970000
0.000248,0.000006,0,0,0,2975000
0.000238,0.000006,0,0,0,2980000
0.000229,0.000006,0,0,0,2985000
0.00022,0.000005,0,0,0,2990000
0.000211,0.000005,0,0,0,2995000
0.000203,0.000005,0,0,0,3000000
0.000194,0.000005,0,0,0,3005000
0.000187,0.000005,0,0,0,3010000
0.000179,0.000004,0,0,0,3015000
0.000172,0.000004,0,0,0,3020000
0.000165,0.000004,0,0,0,3025000
0.000159,0.000004,0,0,0,3030000
0.000152,0.000004,0,0,0,3035000
0.000146,0.000003,0,0,0,3040000
0.00014,0.000003,0,0,0,3045000
0.000135,0.000003,0,0,0,3050000
0.000129,0.000003,0,0,0,3055000
0.000124,0.000003,0,0,0,3060000
0.000119,0.000003,0,0,0,3065000
0.000114,0.000003,0,0,0,3070000
0.00011,0.000002,0,0,0,3075000
0.000105,0.000002,0,0,0,3080000
0.000101,0.000002,0,0,0,3085000
0.000097,0.000002,0,0,0,3090000
0.000093,0.000002,0,0,0,3095000
0.000089,0.000002,0,0,0,3100000
0.000086,0.000002,0,0,0,3105000
0.000082,0.000002,0,0,0,3110000
0.000079,0.000002,0,0,0,3115000
0.000076,0.000002,0,0,0,3120000
0.000073,0.000002,0,0,0,3125000
0.00007,0.000001,0,0,0,3130000
0.000067,0.000001,0,0,0,3135000
0.000064,0.000001,0,0,0,3140000
0.000062,0.000001,0,0,0,3145000
0.000059,0.000001,0,0,0,3150000
0.000057,0.000001,0,0,0,3155000
0.000054,0.000001,0,0,0,3160000
0.000052,0.000001,0,0,0,3165000
0.00005,0.000001,0,0,0,3170000
0.000048,0.000001,0,0,0,3175000
0.000046,0.000001,0,0,0,3180000
0.000044,0.000001,0,0,0,3185000
0.000042,0.000001,0,0,0,3190000
0.000041,0.000001,0,0,0,3195000
0.000039,0.000001,0,0,0,3200000
0.000037,0.000001,0,0,0,3205000
0.000036,0.000001,0,0,0,3210000
0.000034,0.000001,0,0,0,3215000
0.000033,0.000001,0,0,0,3220000
0.000032,0.000001,0,0,0,3225000
0.00003,0.000001,0,0,0,3230000
0.000029,0.000001,0,0,0,3235000
0.000028,0.000001,0,0,0,3240000
0.000027,0,0,0,0,3245000
0.000026,0,0,0,0,3250000
0.000025,0,0,0,0,3255000
0.000024,0,0,0,0,3260000
0.000023,0,0,0,0,3265000
0.000022,0,0,0,0,3270000
0.000021,0,0,0,0,3275000
0.00002,0,0,0,0,3280000
0.000019,0,0,0,0,3285000
0.000019,0,0,0,0,3290000
0.000018,0,0,0,0,3295000
0.000017,0,0,0,0,3300000
0.000016,0,0,0,0,3305000
0.000016,0,0,0,0,3310000
0.000015,0,0,0,0,3315000
0.000014,0,0,0,0,3320000
0.000014,0,0,0,0,3325000
0.000013,0,0,0,0,3330000
0.000013,0,0,0,0,3335000
0.000012,0,0,0,0,3340000
0.000012,0,0,0,0,3345000
0.000011,0,0,0,0,3350000
0.000011,0,0,0,0,3355000
0.00001,0,0,0,0,3360000
0.00001,0,0,0,0,3365000
0.00001,0,0,0,0,3370000
0.000009,0,0,0,0,3375000
0.000009,0,0,0,0,3380000
0.000008,0,0,0,0,3385000
0.000008,0,0,0,0,3390000
0.000008,0,0,0,0,3395000
0.000007,0,0,0,0,3400000
0.000007,0,0,0,0,3405000
0.000007,0,0,0,0,3410000
0.000007,0,0,0,0,3415000
0.000006,0,0,0,0,3420000
0.000006,0,0,0,0,3425000
0.000006,0,0,0,0,3430000
0.000006,0,0,0,0,3435000
0.000005,0,0,0,0,3440000
0.000005,0,0,0,0,3445000
0.000005,0,0,0,0,3450000
0.000005,0,0,0,0,3455000
0.000005,0,0,0,0,3460000
0.000004,0,0,0,0,3465000
0.000004,0,0,0,0,3470000
0.000004,0,0,0,0,3475000
0.000004,0,0,0,0,3480000
0.000004,0,0,0,0,3485000
0.000004,0,0,0,0,3490000
0.000003,0,0,0,0,3495000
0.000003,0,0,0,0,3500000
0.000003,0,0,0,0,3505000
0.000003,0,0,0,0,3510000
0.000003,0,0,0,0,3515000
0.000003,0,0,0,0,3520000
0.000003,0,0,0,0,3525000
0.000003,0,0,0,0,3530000
0.000002,0,0,0,0,3535000
0.000002,0,0,0,0,3540000
0.000002,0,0,0,0,3545000
0.000002,0,0,0,0,3550000
0.000002,0,0,0,0,3555000
0.000002,0,0,0,0,3560000
0.000002,0,0,0,0,3565000
0.000002,0,0,0,0,3570000
0.000002,0,0,0,0,3575000
0.000002,0,0,0,0,3580000
0.000002,0,0,0,0,3585000
0.000002,0,0,0,0,3590000
0.000001,0,0,0,0,3595000
0.000001,0,0,0,0,3600000
0.000001,0,0,0,0,3605000
0.000001,0,0,0,0,3610000
0.000001,0,0,0,0,3615000
0.000001,0,0,0,0,3620000
0.000001,0,0,0,0,3625000
0.000001,0,0,0,0,3630000
0.000001,0,0,0,0,3635000
0.000001,0,0,0,0,3640000
0.000001,0,0,0,0,3645000
0.000001,0,0,0,0,3650000
0.000001,0,0,0,0,3655000
0.000001,0,0,0,0,3660000
0.000001,0,0,0,0,3665000
0.000001,0,0,0,0,3670000
0.000001,0,0,0,0,3675000
0.000001,0,0,0,0,3680000
0.000001,0,0,0,0,3685000
0.000001,0,0,0,0,3690000
0.000001,0,0,0,0,3695000
0.000001,0,0,0,0,3700000
0.000001,0,0,0,0,3705000
0.000001,0,0,0,0,3710000
0.000001,0,0,0,0,3715000
0.000001,0,0,0,0,3720000
0.000001,0,0,0,0,3725000
0,0,0,0,0,3730000
0,0,0,0,0,3735000
0,0,0,0,0,3740000
0,0,0,0,0,3745000
0,0,0,0,0,3750000
0,0,0,0,0,3755000
0,0,0,0,0,3760000
0,0,0,0,0,3765000
0,0,0,0,0,3770000
0,0,0,0,0,3775000
0,0,0,0,0,3780000
0,0,0,0,0,3785000
0,0,0,0,0,3790000
0,0,0,0,0,3795000
0,0,0,0,0,3800000
0,0,0,0,0,3805000
0,0,0,0,0,3810000
0,0,0,0,0,3815000
0,0,0,0,0,3820000
0,0,0,0,0,3825000
0,0,0,0,0,3830000
0,0,0,0,0,3835000
0,0,0,0,0,3840000
0,0,0,0,0,3845000
0,0,0,0,0,3850000
0,0,0,0,0,3855000
0,0,0,0,0,3860000
0,0,0,0,0,3865000
0,0,0,0,0,3870000
0,0,0,0,0,3875000
0,0,0,0,0,3880000
0,0,0,0,0,3885000
0,0,0,0,0,3890000
0,0,0,0,0,3895000
0,0,0,0,0,3900000
0,0,0,0,0,3905000
0,0,0,0,0,3910000
0,0,0,0,0,3915000
0,0,0,0,0,3920000
0,0,0,0,0,3925000
0,0,0,0,0,3930000
0,0,0,0,0,3935000
0,0,0,0,0,3940000
0,0,0,0,0,3945000
0,0,0,0,0,3950000
0,0,0,0,0,3955000
0,0,0,0,0,3960000
0,0,0,0,0,3965000
0,0,0,0,0,3970000
0,0,0,0,0,3975000
0,0,0,0,0,3980000
0,0,0,0,0,3985000
0,0,0,0,0,3990000
0,0,0,0,0,3995000
0,0,0,0,0,4000000
0,0,0,0,0,4005000
0,0,0,0,0,4010000
0,0,0,0,0,4015000
0,0,0,0,0,4020000
0,0,0,0,0,4025000
0,0,0,0,0,4030000
0,0,0,0,0,4035000
0,0,0,0,0,4040000
0,0,0,0,0,4045000
0,0,0,0,0,4050000
0,0,0,0,0,4055000
0,0,0,0,0,4060000
0,0,0,0,0,4065000
0,0,0,0,0,4070000
0,0,0,0,0,4075000
0,0,0,0,0,4080000
0,0,0,0,0,4085000
0,0,0,0,0,4090000
0,0,0,0,0,4095000
0,0,0,0,0,4100000
0,0,0,0,0,4105000
0,0,0,0,0,4110000
0,0,0,0,0,4115000
0,0,0,0,0,4120000
0,0,0,0,0,4125000
0,0,0,0,0,4130000
0,0,0,0,0,4135000
0,0,0,0,0,4140000
0,0,0,0,0,4145000
0,0,0,0,0,4150000
0,0,0,0,0,4155000
0,0,0,0,0,4160000
0,0,0,0,0,4165000
0,0,0,0,0,4170000
0,0,0,0,0,4175000
0,0,0,0,0,4180000
0,0,0,0,0,4185000
0,0,0,0,0,4190000
0,0,0,0,0,4195000
0,0,0,0,0,4200000
0,0,0,0,0,4205000
0,0,0,0,0,4210000
0,0,0,0,0,4215000
0,0,0,0,0,4220000
0,0,0,0,0,4225000
0,0,0,0,0,4230000
0,0,0,0,0,4235000
0,0,0,0,0,4240000
0,0,0,0,0,4245000
0,0,0,0,0,4250000
0,0,0,0,0,4255000
0,0,0,0,0,4260000
0,0,0,0,0,4265000
0,0,0,0,0,4270000
0,0,0,0,0,4275000
0,0,0,0,0,4280000
0,0,0,0,0,4285000
0,0,0,0,0,4290000
0,0,0,0,0,4295000
0,0,0,0,0,4300000
0,0,0,0,0,4305000
0,0,0,0,0,4310000
0,0,0,0,0,4315000
0,0,0,0,0,4320000
0,0,0,0,0,4325000
0,0,0,0,0,4330000
0,0,0,0,0,4335000
0,0,0,0,0,4340000
0,0,0,0,0,4345000
0,0,0,0,0,4350000
0,0,0,0,0,4355000
0,0,0,0,0,4360000
0,0,0,0,0,4365000
0,0,0,0,0,4370000
0,0,0,0,0,4375000
0,0,0,0,0,4380000
0,0,0,0,0,4385000
0,0,0,0,0,4390000
0,0,0,0,0,4395000
0,0,0,0,0,4400000
0,0,0,0,0,4405000
0,0,0,0,0,4410000
0,0,0,0,0,4415000
0,0,0,0,0,4420000
0,0,0,0,0,4425000
0,0,0,0,0,4430000
0,0,0,0,0,4435000
0,0,0,0,0,4440000
0,0,0,0,0,4445000
0,0,0,0,0,4450000
0,0,0,0,0,4455000
0,0,0,0,0,4460000
0,0,0,0,0,4465000
0,0,0,0,0,4470000
0,0,0,0,0,4475000
0,0,0,0,0,4480000
0,0,0,0,0,4485000
0,0,0,0,0,4490000
0,0,0,0,0,4495000
0,0,0,0,0,4500000
0,0,0,0,0,4505000
0,0,0,0,0,4510000
0,0,0,0,0,4515000
0,0,0,0,0,4520000
0,0,0,0,0,4525000
0,0,0,0,0,4530000
0,0,0,0,0,4535000
0,0,0,0,0,4540000
0,0,0,0,0,4545000
0,0,0,0,0,4550000
0,0,0,0,0,4555000
0,0,0,0,0,4560000
0,0,0,0,0,4565000
0,0,0,0,0,4570000
0,0,0,0,0,4575000
0,0,0,0,0,4580000
0,0,0,0,0,4585000
0,0,0,0,0,4590000
0,0,0,0,0,4595000
0,0,0,0,0,4600000
0,0,0,0,0,4605000
0,0,0,0,0,4610000
0,0,0,0,0,4615000
0,0,0,0,0,4620000
0,0,0,0,0,4625000
0,0,0,0,0,4630000
0,0,0,0,0,4635000
0,0,0,0,0,4640000
0,0,0,0,0,4645000
0,0,0,0,0,4650000
0,0,0,0,0,4655000
0,0,0,0,0,4660000
0,0,0,0,0,4665000
0,0,0,0,0,4670000
0,0,0,0,0,4675000
0,0,0,0,0,4680000
0,0,0,0,0,4685000
0,0,0,0,0,4690000
0,0,0,0,0,4695000
0,0,0,0,0,4700000
0,0,0,0,0,4705000
0,0,0,0,0,4710000
0,0,0,0,0,4715000
0,0,0,0,0,4720000
0,0,0,0,0,4725000
0,0,0,0,0,4730000
0,0,0,0,0,4735000
0,0,0,0,0,4740000
0,0,0,0,0,4745000
0,0,0,0,0,4750000
0,0,0,0,0,4755000
0,0,0,0,0,4760000
0,0,0,0,0,4765000
0,0,0,0,0,4770000
0,0,0,0,0,4775000
0,0,0,0,0,4780000
0,0,0,0,0,4785000
0,0,0,0,0,4790000
0,0,0,0,0,4795000
0,0,0,0,0,4800000
0,0,0,0,0,4805000
0,0,0,0,0,4810000
0,0,0,0,0,4815000
0,0,0,0,0,4820000
0,0,0,0,0,4825000
0,0,0,0,0,4830000
0,0,0,0,0,4835000
0,0,0,0,0,4840000
0,0,0,0,0,4845000
0,0,0,0,0,4850000
0,0,0,0,0,4855000
0,0,0,0,0,4860000
0,0,0,0,0,4865000
0,0,0,0,0,4870000
0,0,0,0,0,4875000
0,0,0,0,0,4880000
0,0,0,0,0,4885000
0,0,0,0,0,4890000
0,0,0,0,0,4895000
0,0,0,0,0,4900000
0,0,0,0,0,4905000
0,0,0,0,0,4910000
0,0,0,0,0,4915000
0,0,0,0,0,4920000
0,0,0,0,0,4925000
0,0,0,0,0,4930000
0,0,0,0,0,4935000
0,0,0,0,0,4940000
0,0,0,0,0,4945000
0,0,0,0,0,4950000
0,0,0,0,0,4955000
0,0,0,0,0,4960000
0,0,0,0,0,4965000
0,0,0,0,0,4970000
0,0,0,0,0,4975000
0,0,0,0,0,4980000
0,0,0,0,0,4985000
0,0,0,0,0,4990000
0,0,0,0,0,4995000
0,0,0,0,0,5000000
0,0,0,0,0,5005000
