"oy_0.9","oy_0.8","oy_0.7","or_0.9","or_0.8","or_0.7","of_0.9","of_0.8","of_0.7","escapement"
0,0,0,0,0,0,1,1,1,0
0,0,0,0,0.000417,0.001167,1,1,1,5000
0,0,0,0.035917,0.089083,0.22475,1,1,1,10000
0,0,0.01175,0.332333,0.5435,0.753417,1,1,0.98825,15000
0.000083,0.032583,0.327167,0.719917,0.86125,0.942333,0.999917,0.967417,0.672833,20000
0.022083,0.325917,0.713083,0.902917,0.9595,0.984167,0.977917,0.674083,0.286917,25000
0.211333,0.655,0.889167,0.966,0.98575,0.994,0.788667,0.345,0.110833,30000
0.50175,0.839167,0.953167,0.98575,0.9935,0.997167,0.49825,0.160833,0.046833,35000
0.717417,0.92375,0.977083,0.99325,0.99675,0.998583,0.282583,0.07625,0.022917,40000
0.847583,0.959167,0.98775,0.995917,0.998083,0.999333,0.152417,0.040833,0.01225,45000
0.914167,0.977167,0.992583,0.997667,0.999167,0.999583,0.085333,0.022833,0.007417,50000
0.944583,0.986417,0.995417,0.998583,0.9995,0.999667,0.048833,0.013583,0.004583,55000
0.934167,0.99,0.996417,0.999333,0.999583,0.999833,0.031417,0.008833,0.003583,60000
0.878167,0.9855,0.99675,0.9995,0.999667,0.999917,0.020083,0.005667,0.002833,65000
0.763833,0.956833,0.993583,0.999583,0.999833,0.999917,0.013667,0.004083,0.002333,70000
0.636583,0.894833,0.978833,0.999667,0.999917,0.999917,0.0095,0.003583,0.001583,75000
0.50875,0.793167,0.942417,0.999833,0.999917,1,0.006917,0.002917,0.001167,80000
0.39675,0.676833,0.875583,0.999917,0.999917,1,0.005167,0.0025,0.000917,85000
0.306583,0.557083,0.7735,0.999917,0.999917,1,0.004,0.002083,0.000667,90000
0.233833,0.452083,0.667083,0.999917,1,1,0.003583,0.0015,0.000333,95000
0.175917,0.363667,0.559583,0.999917,1,1,0.003167,0.001167,0.000167,100000
0.133833,0.288083,0.46225,0.999333,1,1,0.002667,0.000917,0.000167,105000
0.102667,0.227,0.37875,0.997917,0.999917,1,0.0025,0.000833,0.000167,110000
0.079917,0.17725,0.30875,0.994833,0.999083,1,0.002,0.000667,0.000167,115000
0.061167,0.139167,0.249083,0.988083,0.996917,0.999667,0.001583,0.000333,0.000167,120000
0.048333,0.11125,0.198833,0.9795,0.993083,0.998417,0.001167,0.000167,0.000167,125000
0.040417,0.08975,0.160583,0.967583,0.98725,0.9965,0.001,0.000167,0.000167,130000
0.032667,0.07075,0.129417,0.947667,0.977917,0.992167,0.000833,0.000167,0.000167,135000
0.026,0.056417,0.104417,0.921,0.965667,0.987,0.000833,0.000167,0.000167,140000
0.02175,0.046583,0.086667,0.888417,0.9455,0.978417,0.000667,0.000167,0.000167,145000
0.0185,0.039917,0.069917,0.850167,0.9215,0.966417,0.000333,0.000167,0.000083,150000
0.0155,0.033083,0.057167,0.8075,0.8925,0.947833,0.00025,0.000167,0.000083,155000
0.012833,0.02675,0.0475,0.759833,0.85525,0.927,0.000167,0.000167,0.000083,160000
0.010833,0.023167,0.041333,0.7105,0.8175,0.90125,0.000167,0.000167,0.000083,165000
0.009083,0.019667,0.03575,0.662333,0.772583,0.86775,0.000167,0.000167,0,170000
0.008167,0.017,0.028333,0.61775,0.7265,0.832583,0.000167,0.000167,0,175000
0.007,0.014917,0.024833,0.5715,0.681083,0.79125,0.000167,0.000167,0,180000
0.006,0.012333,0.021833,0.52625,0.638333,0.746167,0.000167,0.000167,0,185000
0.005333,0.01075,0.018917,0.483417,0.594583,0.7065,0.000167,0.000083,0,190000
0.004667,0.009167,0.016417,0.442583,0.550333,0.664083,0.000167,0.000083,0,195000
0.004417,0.008167,0.0145,0.405333,0.509667,0.6255,0.000167,0.000083,0,200000
0.003833,0.007167,0.012583,0.372917,0.469583,0.58275,0.000167,0.000083,0,205000
0.0035,0.0065,0.010833,0.340833,0.432333,0.542417,0.000167,0.000083,0,210000
0.003333,0.005833,0.009417,0.312833,0.399333,0.5045,0.000167,0,0,215000
0.003167,0.00525,0.008417,0.285417,0.36825,0.467917,0.000167,0,0,220000
0.003,0.004667,0.007667,0.26175,0.339083,0.431417,0.000167,0,0,225000
0.00275,0.004583,0.006833,0.23875,0.311667,0.4005,0.000167,0,0,230000
0.0025,0.004,0.006083,0.217583,0.286917,0.372167,0.000167,0,0,235000
0.002417,0.003667,0.005583,0.198,0.263667,0.34275,0.000083,0,0,240000
0.002417,0.0035,0.005083,0.181583,0.24125,0.317,0.000083,0,0,245000
0.00225,0.003417,0.004667,0.165,0.221,0.293583,0.000083,0,0,250000
0.001917,0.00325,0.004583,0.152083,0.203417,0.273,0.000083,0,0,255000
0.00175,0.003,0.004083,0.138583,0.186583,0.250667,0.000083,0,0,260000
0.00175,0.002833,0.00375,0.127,0.1705,0.230917,0.000083,0,0,265000
0.001667,0.002667,0.0035,0.11675,0.157583,0.211417,0,0,0,270000
0.0015,0.0025,0.003417,0.1065,0.145,0.1965,0,0,0,275000
0.00125,0.0025,0.00325,0.097083,0.133333,0.179833,0,0,0,280000
0.001167,0.002333,0.003083,0.089167,0.123167,0.167,0,0,0,285000
0.001167,0.002083,0.002833,0.08325,0.113167,0.154333,0,0,0,290000
0.001083,0.001833,0.00275,0.0765,0.104167,0.14225,0,0,0,295000
0.000917,0.001833,0.002667,0.070167,0.095083,0.131833,0,0,0,300000
0.000833,0.00175,0.0025,0.0655,0.088417,0.122,0,0,0,305000
0.000833,0.001583,0.0025,0.060417,0.082083,0.113,0,0,0,310000
0.00075,0.0015,0.002333,0.055,0.0755,0.104583,0,0,0,315000
0.00075,0.00125,0.002083,0.051583,0.069583,0.096667,0,0,0,320000
0.000667,0.001167,0.001833,0.048583,0.06525,0.089833,0,0,0,325000
0.000667,0.001167,0.001833,0.045167,0.060417,0.083333,0,0,0,330000
0.000667,0.001167,0.00175,0.04225,0.0565,0.076583,0,0,0,335000
0.000333,0.001,0.001667,0.03925,0.051833,0.07125,0,0,0,340000
0.000333,0.000833,0.0015,0.035833,0.049083,0.067167,0,0,0,345000
0.000167,0.000833,0.001333,0.033917,0.04625,0.062667,0,0,0,350000
0.000167,0.000833,0.001167,0.032083,0.043417,0.058333,0,0,0,355000
0.000167,0.00075,0.001167,0.03075,0.040167,0.054,0,0,0,360000
0.000167,0.00075,0.001167,0.0285,0.03775,0.051333,0,0,0,365000
0.000167,0.00075,0.001167,0.026417,0.034917,0.048,0,0,0,370000
0.000167,0.000667,0.001,0.0255,0.033417,0.0455,0,0,0,375000
0.000167,0.000667,0.000917,0.023917,0.03125,0.04275,0,0,0,380000
0.000167,0.000583,0.000833,0.02275,0.029917,0.03975,0,0,0,385000
0.000167,0.000333,0.000833,0.021333,0.02775,0.037417,0,0,0,390000
0.000167,0.000333,0.00075,0.020167,0.026083,0.035167,0,0,0,395000
0.000167,0.00025,0.00075,0.01875,0.025333,0.033583,0,0,0,400000
0.000167,0.000167,0.00075,0.017917,0.023917,0.031583,0,0,0,405000
0.000167,0.000167,0.000667,0.01675,0.022833,0.03,0,0,0,410000
0.000167,0.000167,0.000667,0.015667,0.021333,0.027917,0,0,0,415000
0.000167,0.000167,0.000667,0.0145,0.02025,0.026667,0,0,0,420000
0.000167,0.000167,0.000583,0.013583,0.019,0.0255,0,0,0,425000
0.000167,0.000167,0.0005,0.01275,0.017833,0.024417,0,0,0,430000
0.000167,0.000167,0.000333,0.011833,0.017,0.023333,0,0,0,435000
0.000167,0.000167,0.00025,0.011333,0.016167,0.02225,0,0,0,440000
0.000167,0.000167,0.000167,0.010833,0.015167,0.021167,0,0,0,445000
0.000167,0.000167,0.000167,0.010417,0.014167,0.019667,0,0,0,450000
0.000167,0.000167,0.000167,0.010083,0.013167,0.018417,0,0,0,455000
0.000167,0.000167,0.000167,0.009583,0.0125,0.01775,0,0,0,460000
0.000167,0.000167,0.000167,0.009167,0.011833,0.01675,0,0,0,465000
0.000167,0.000167,0.000167,0.008917,0.011083,0.01575,0,0,0,470000
0.000167,0.000167,0.000167,0.0085,0.0105,0.015,0,0,0,475000
0.000167,0.000167,0.000167,0.008,0.01025,0.014167,0,0,0,480000
0.000167,0.000167,0.000167,0.007583,0.009833,0.01325,0,0,0,485000
0.000167,0.000167,0.000167,0.007333,0.009417,0.012583,0,0,0,490000
0.000167,0.000167,0.000167,0.007083,0.009083,0.012,0,0,0,495000
0.000167,0.000167,0.000167,0.00675,0.008833,0.01125,0,0,0,500000
0.000167,0.000167,0.000167,0.006583,0.0085,0.010667,0,0,0,505000
0.000167,0.000167,0.000167,0.006333,0.008,0.010333,0,0,0,510000
0.000167,0.000167,0.000167,0.006167,0.007583,0.00975,0,0,0,515000
0.000167,0.000167,0.000167,0.006167,0.007583,0.009583,0,0,0,520000
0.000167,0.000167,0.000167,0.00575,0.007167,0.00925,0,0,0,525000
0.000167,0.000167,0.000167,0.005417,0.006667,0.009,0,0,0,530000
0.000083,0.000167,0.000167,0.005333,0.0065,0.008667,0,0,0,535000
0.000083,0.000167,0.000167,0.005083,0.006417,0.00825,0,0,0,540000
0.000083,0.000167,0.000167,0.00475,0.006333,0.007917,0,0,0,545000
0.000083,0.000167,0.000167,0.004167,0.006083,0.007583,0,0,0,550000
0.000083,0.000167,0.000167,0.004083,0.005917,0.0075,0,0,0,555000
0.000083,0.000167,0.000167,0.004083,0.0055,0.007167,0,0,0,560000
0.000083,0.000167,0.000167,0.003917,0.005417,0.006583,0,0,0,565000
0.000083,0.000167,0.000167,0.003917,0.00525,0.006417,0,0,0,570000
0.000083,0.000167,0.000167,0.003833,0.004917,0.006417,0,0,0,575000
0.000083,0.000167,0.000167,0.00375,0.004667,0.006333,0,0,0,580000
0.000083,0.000167,0.000167,0.00375,0.00425,0.006167,0,0,0,585000
0.000083,0.000167,0.000167,0.00375,0.004083,0.005833,0,0,0,590000
0.000083,0.000167,0.000167,0.003667,0.004,0.005583,0,0,0,595000
0.000083,0.000167,0.000167,0.003583,0.004,0.005417,0,0,0,600000
0,0.000167,0.000167,0.003417,0.003917,0.00525,0,0,0,605000
0,0.000083,0.000167,0.003333,0.003917,0.005083,0,0,0,610000
0,0.000083,0.000167,0.003333,0.003833,0.004917,0,0,0,615000
0,0.000083,0.000167,0.00325,0.003833,0.004417,0,0,0,620000
0,0.000083,0.000167,0.003167,0.00375,0.00425,0,0,0,625000
0,0.000083,0.000167,0.003083,0.003667,0.00425,0,0,0,630000
0,0.000083,0.000167,0.002917,0.003583,0.004,0,0,0,635000
0,0.000083,0.000167,0.002917,0.003417,0.004,0,0,0,640000
0,0.000083,0.000167,0.002917,0.003333,0.004,0,0,0,645000
0,0.000083,0.000167,0.00275,0.003333,0.003917,0,0,0,650000
0,0.000083,0.000167,0.00275,0.003333,0.003833,0,0,0,655000
0,0.000083,0.000167,0.002667,0.003333,0.003833,0,0,0,660000
0,0.000083,0.000167,0.0025,0.00325,0.003833,0,0,0,665000
0,0.000083,0.000083,0.0025,0.002917,0.003583,0,0,0,670000
0,0.000083,0.000083,0.0025,0.002917,0.003417,0,0,0,675000
0,0.000083,0.000083,0.0025,0.002917,0.003417,0,0,0,680000
0,0.000083,0.000083,0.002417,0.002917,0.003417,0,0,0,685000
0,0.000083,0.000083,0.002417,0.00275,0.003333,0,0,0,690000
0,0,0.000083,0.002333,0.00275,0.003333,0,0,0,695000
0,0,0.000083,0.00225,0.002667,0.003333,0,0,0,700000
0,0,0.000083,0.00225,0.0025,0.003333,0,0,0,705000
0,0,0.000083,0.00225,0.0025,0.003083,0,0,0,710000
0,0,0.000083,0.00225,0.0025,0.002917,0,0,0,715000
0,0,0.000083,0.00225,0.0025,0.002917,0,0,0,720000
0,0,0.000083,0.00225,0.0025,0.002917,0,0,0,725000
0,0,0.000083,0.002167,0.002417,0.002917,0,0,0,730000
0,0,0.000083,0.002167,0.002417,0.00275,0,0,0,735000
0,0,0.000083,0.002,0.002333,0.002667,0,0,0,740000
0,0,0.000083,0.00175,0.002333,0.002583,0,0,0,745000
0,0,0.000083,0.001667,0.002333,0.0025,0,0,0,750000
0,0,0.000083,0.001667,0.00225,0.0025,0,0,0,755000
0,0,0.000083,0.001667,0.00225,0.0025,0,0,0,760000
0,0,0,0.001583,0.00225,0.0025,0,0,0,765000
0,0,0,0.001583,0.00225,0.0025,0,0,0,770000
0,0,0,0.001583,0.002167,0.0025,0,0,0,775000
0,0,0,0.001583,0.002167,0.002417,0,0,0,780000
0,0,0,0.001583,0.001833,0.002333,0,0,0,785000
0,0,0,0.001583,0.001833,0.002333,0,0,0,790000
0,0,0,0.001583,0.00175,0.002333,0,0,0,795000
0,0,0,0.001417,0.001667,0.002333,0,0,0,800000
0,0,0,0.001417,0.001667,0.002333,0,0,0,805000
0,0,0,0.001417,0.001583,0.002333,0,0,0,810000
0,0,0,0.001333,0.001583,0.00225,0,0,0,815000
0,0,0,0.00125,0.001583,0.00225,0,0,0,820000
0,0,0,0.00125,0.001583,0.002167,0,0,0,825000
0,0,0,0.00125,0.001583,0.002,0,0,0,830000
0,0,0,0.001167,0.001583,0.002,0,0,0,835000
0,0,0,0.001167,0.0015,0.001833,0,0,0,840000
0,0,0,0.001,0.0015,0.001833,0,0,0,845000
0,0,0,0.001,0.001417,0.00175,0,0,0,850000
0,0,0,0.001,0.001417,0.001667,0,0,0,855000
0,0,0,0.001,0.001417,0.001583,0,0,0,860000
0,0,0,0.001,0.001417,0.001583,0,0,0,865000
0,0,0,0.001,0.001333,0.001583,0,0,0,870000
0,0,0,0.001,0.001167,0.001583,0,0,0,875000
0,0,0,0.000917,0.001167,0.001583,0,0,0,880000
0,0,0,0.000917,0.001167,0.001583,0,0,0,885000
0,0,0,0.000833,0.001167,0.0015,0,0,0,890000
0,0,0,0.000833,0.001083,0.0015,0,0,0,895000
0,0,0,0.000833,0.001,0.001417,0,0,0,900000
0,0,0,0.000833,0.001,0.001417,0,0,0,905000
0,0,0,0.00075,0.001,0.001417,0,0,0,910000
0,0,0,0.00075,0.001,0.001417,0,0,0,915000
0,0,0,0.00075,0.001,0.001333,0,0,0,920000
0,0,0,0.000667,0.001,0.001333,0,0,0,925000
0,0,0,0.000667,0.000917,0.00125,0,0,0,930000
0,0,0,0.000667,0.000833,0.00125,0,0,0,935000
0,0,0,0.000667,0.000833,0.001167,0,0,0,940000
0,0,0,0.000667,0.000833,0.001167,0,0,0,945000
0,0,0,0.000583,0.000833,0.001083,0,0,0,950000
0,0,0,0.0005,0.000833,0.001,0,0,0,955000
0,0,0,0.0005,0.00075,0.001,0,0,0,960000
0,0,0,0.0005,0.00075,0.001,0,0,0,965000
0,0,0,0.0005,0.00075,0.001,0,0,0,970000
0,0,0,0.0005,0.00075,0.000917,0,0,0,975000
0,0,0,0.0005,0.00075,0.000917,0,0,0,980000
0,0,0,0.0005,0.000667,0.000917,0,0,0,985000
0,0,0,0.0005,0.000667,0.000917,0,0,0,990000
0,0,0,0.0005,0.000667,0.000833,0,0,0,995000
0,0,0,0.000417,0.000583,0.000833,0,0,0,1000000
0,0,0,0.000417,0.000583,0.000833,0,0,0,1005000
0,0,0,0.000417,0.0005,0.000833,0,0,0,1010000
0,0,0,0.000417,0.0005,0.00075,0,0,0,1015000
0,0,0,0.000417,0.0005,0.00075,0,0,0,1020000
0,0,0,0.000417,0.0005,0.00075,0,0,0,1025000
0,0,0,0.00025,0.0005,0.00075,0,0,0,1030000
0,0,0,0.000167,0.0005,0.00075,0,0,0,1035000
0,0,0,0.000167,0.0005,0.00075,0,0,0,1040000
0,0,0,0.000167,0.0005,0.00075,0,0,0,1045000
0,0,0,0.000167,0.0005,0.00075,0,0,0,1050000
0,0,0,0.000167,0.0005,0.000667,0,0,0,1055000
0,0,0,0.000167,0.000417,0.000583,0,0,0,1060000
0,0,0,0.000167,0.000417,0.000583,0,0,0,1065000
0,0,0,0.000167,0.000417,0.0005,0,0,0,1070000
0,0,0,0.000167,0.000417,0.0005,0,0,0,1075000
0,0,0,0.000167,0.000333,0.0005,0,0,0,1080000
0,0,0,0.000167,0.000333,0.0005,0,0,0,1085000
0,0,0,0.000167,0.00025,0.0005,0,0,0,1090000
0,0,0,0.000167,0.000167,0.0005,0,0,0,1095000
0,0,0,0.000167,0.000167,0.0005,0,0,0,1100000
0,0,0,0.000167,0.000167,0.0005,0,0,0,1105000
0,0,0,0.000167,0.000167,0.0005,0,0,0,1110000
0,0,0,0.000167,0.000167,0.0005,0,0,0,1115000
0,0,0,0.000167,0.000167,0.000417,0,0,0,1120000
0,0,0,0.000167,0.000167,0.000417,0,0,0,1125000
0,0,0,0.000167,0.000167,0.000417,0,0,0,1130000
0,0,0,0.000167,0.000167,0.000333,0,0,0,1135000
0,0,0,0.000167,0.000167,0.000333,0,0,0,1140000
0,0,0,0.000167,0.000167,0.00025,0,0,0,1145000
0,0,0,0.000167,0.000167,0.00025,0,0,0,1150000
0,0,0,0.000167,0.000167,0.00025,0,0,0,1155000
0,0,0,0.000167,0.000167,0.00025,0,0,0,1160000
0,0,0,0.000167,0.000167,0.000167,0,0,0,1165000
0,0,0,0.000167,0.000167,0.000167,0,0,0,1170000
0,0,0,0.000167,0.000167,0.000167,0,0,0,1175000
0,0,0,0.000167,0.000167,0.000167,0,0,0,1180000
0,0,0,0.000167,0.000167,0.000167,0,0,0,1185000
0,0,0,0.000167,0.000167,0.000167,0,0,0,1190000
0,0,0,0.000167,0.000167,0.000167,0,0,0,1195000
0,0,0,0.000167,0.000167,0.000167,0,0,0,1200000
0,0,0,0.000167,0.000167,0.000167,0,0,0,1205000
0,0,0,0.000167,0.000167,0.000167,0,0,0,1210000
0,0,0,0.000167,0.000167,0.000167,0,0,0,1215000
0,0,0,0.000167,0.000167,0.000167,0,0,0,1220000
0,0,0,0.000167,0.000167,0.000167,0,0,0,1225000
0,0,0,0.000167,0.000167,0.000167,0,0,0,1230000
0,0,0,0.000167,0.000167,0.000167,0,0,0,1235000
0,0,0,0.000167,0.000167,0.000167,0,0,0,1240000
0,0,0,0.000167,0.000167,0.000167,0,0,0,1245000
0,0,0,0.000167,0.000167,0.000167,0,0,0,1250000
0,0,0,0.000167,0.000167,0.000167,0,0,0,1255000
0,0,0,0.000167,0.000167,0.000167,0,0,0,1260000
0,0,0,0.000167,0.000167,0.000167,0,0,0,1265000
0,0,0,0.000167,0.000167,0.000167,0,0,0,1270000
0,0,0,0.000167,0.000167,0.000167,0,0,0,1275000
0,0,0,0.000167,0.000167,0.000167,0,0,0,1280000
0,0,0,0.000167,0.000167,0.000167,0,0,0,1285000
0,0,0,0.000167,0.000167,0.000167,0,0,0,1290000
0,0,0,0.000167,0.000167,0.000167,0,0,0,1295000
0,0,0,0.000167,0.000167,0.000167,0,0,0,1300000
0,0,0,0.000167,0.000167,0.000167,0,0,0,1305000
0,0,0,0.000167,0.000167,0.000167,0,0,0,1310000
0,0,0,0.000167,0.000167,0.000167,0,0,0,1315000
0,0,0,0.000167,0.000167,0.000167,0,0,0,1320000
0,0,0,0.000167,0.000167,0.000167,0,0,0,1325000
0,0,0,0.000167,0.000167,0.000167,0,0,0,1330000
0,0,0,0.000167,0.000167,0.000167,0,0,0,1335000
0,0,0,0.000167,0.000167,0.000167,0,0,0,1340000
0,0,0,0.000167,0.000167,0.000167,0,0,0,1345000
0,0,0,0.000167,0.000167,0.000167,0,0,0,1350000
0,0,0,0.000167,0.000167,0.000167,0,0,0,1355000
0,0,0,0.000167,0.000167,0.000167,0,0,0,1360000
0,0,0,0.000167,0.000167,0.000167,0,0,0,1365000
0,0,0,0.000167,0.000167,0.000167,0,0,0,1370000
0,0,0,0.000167,0.000167,0.000167,0,0,0,1375000
0,0,0,0.000167,0.000167,0.000167,0,0,0,1380000
0,0,0,0.000167,0.000167,0.000167,0,0,0,1385000
0,0,0,0.000167,0.000167,0.000167,0,0,0,1390000
0,0,0,0.000167,0.000167,0.000167,0,0,0,1395000
0,0,0,0.000167,0.000167,0.000167,0,0,0,1400000
0,0,0,0.000167,0.000167,0.000167,0,0,0,1405000
0,0,0,0.000167,0.000167,0.000167,0,0,0,1410000
0,0,0,0.000167,0.000167,0.000167,0,0,0,1415000
0,0,0,0.000167,0.000167,0.000167,0,0,0,1420000
0,0,0,0.000167,0.000167,0.000167,0,0,0,1425000
0,0,0,0.000167,0.000167,0.000167,0,0,0,1430000
0,0,0,0.000167,0.000167,0.000167,0,0,0,1435000
0,0,0,0.000167,0.000167,0.000167,0,0,0,1440000
0,0,0,0.000167,0.000167,0.000167,0,0,0,1445000
0,0,0,0.000167,0.000167,0.000167,0,0,0,1450000
0,0,0,0.000167,0.000167,0.000167,0,0,0,1455000
0,0,0,0.000167,0.000167,0.000167,0,0,0,1460000
0,0,0,0.000167,0.000167,0.000167,0,0,0,1465000
0,0,0,0.000167,0.000167,0.000167,0,0,0,1470000
0,0,0,0.000167,0.000167,0.000167,0,0,0,1475000
0,0,0,0.000167,0.000167,0.000167,0,0,0,1480000
0,0,0,0.000167,0.000167,0.000167,0,0,0,1485000
0,0,0,0.000167,0.000167,0.000167,0,0,0,1490000
0,0,0,0.000167,0.000167,0.000167,0,0,0,1495000
0,0,0,0.000167,0.000167,0.000167,0,0,0,1500000
0,0,0,0.000167,0.000167,0.000167,0,0,0,1505000
0,0,0,0.000167,0.000167,0.000167,0,0,0,1510000
0,0,0,0.000167,0.000167,0.000167,0,0,0,1515000
0,0,0,0.000167,0.000167,0.000167,0,0,0,1520000
0,0,0,0.000167,0.000167,0.000167,0,0,0,1525000
0,0,0,0.000167,0.000167,0.000167,0,0,0,1530000
0,0,0,0.000167,0.000167,0.000167,0,0,0,1535000
0,0,0,0.000167,0.000167,0.000167,0,0,0,1540000
0,0,0,0.000167,0.000167,0.000167,0,0,0,1545000
0,0,0,0.000167,0.000167,0.000167,0,0,0,1550000
0,0,0,0.000167,0.000167,0.000167,0,0,0,1555000
0,0,0,0.000167,0.000167,0.000167,0,0,0,1560000
0,0,0,0.000167,0.000167,0.000167,0,0,0,1565000
0,0,0,0.000167,0.000167,0.000167,0,0,0,1570000
0,0,0,0.000167,0.000167,0.000167,0,0,0,1575000
0,0,0,0.000167,0.000167,0.000167,0,0,0,1580000
0,0,0,0.000167,0.000167,0.000167,0,0,0,1585000
0,0,0,0.000167,0.000167,0.000167,0,0,0,1590000
0,0,0,0.000167,0.000167,0.000167,0,0,0,1595000
0,0,0,0.000167,0.000167,0.000167,0,0,0,1600000
0,0,0,0.000167,0.000167,0.000167,0,0,0,1605000
0,0,0,0.000167,0.000167,0.000167,0,0,0,1610000
0,0,0,0.000167,0.000167,0.000167,0,0,0,1615000
0,0,0,0.000167,0.000167,0.000167,0,0,0,1620000
0,0,0,0.000167,0.000167,0.000167,0,0,0,1625000
0,0,0,0.000167,0.000167,0.000167,0,0,0,1630000
0,0,0,0.000167,0.000167,0.000167,0,0,0,1635000
0,0,0,0.000167,0.000167,0.000167,0,0,0,1640000
0,0,0,0.000167,0.000167,0.000167,0,0,0,1645000
0,0,0,0.000167,0.000167,0.000167,0,0,0,1650000
0,0,0,0.000167,0.000167,0.000167,0,0,0,1655000
0,0,0,0.000167,0.000167,0.000167,0,0,0,1660000
0,0,0,0.000167,0.000167,0.000167,0,0,0,1665000
0,0,0,0.000167,0.000167,0.000167,0,0,0,1670000
0,0,0,0.000167,0.000167,0.000167,0,0,0,1675000
0,0,0,0.000167,0.000167,0.000167,0,0,0,1680000
0,0,0,0.000167,0.000167,0.000167,0,0,0,1685000
0,0,0,0.000167,0.000167,0.000167,0,0,0,1690000
0,0,0,0.000167,0.000167,0.000167,0,0,0,1695000
0,0,0,0.000167,0.000167,0.000167,0,0,0,1700000
0,0,0,0.000167,0.000167,0.000167,0,0,0,1705000
0,0,0,0.000167,0.000167,0.000167,0,0,0,1710000
0,0,0,0.000167,0.000167,0.000167,0,0,0,1715000
0,0,0,0.000167,0.000167,0.000167,0,0,0,1720000
0,0,0,0.000167,0.000167,0.000167,0,0,0,1725000
0,0,0,0.000167,0.000167,0.000167,0,0,0,1730000
0,0,0,0.000167,0.000167,0.000167,0,0,0,1735000
0,0,0,0.000083,0.000167,0.000167,0,0,0,1740000
0,0,0,0.000083,0.000167,0.000167,0,0,0,1745000
0,0,0,0.000083,0.000167,0.000167,0,0,0,1750000
0,0,0,0.000083,0.000167,0.000167,0,0,0,1755000
0,0,0,0.000083,0.000167,0.000167,0,0,0,1760000
0,0,0,0.000083,0.000167,0.000167,0,0,0,1765000
0,0,0,0.000083,0.000167,0.000167,0,0,0,1770000
0,0,0,0.000083,0.000167,0.000167,0,0,0,1775000
0,0,0,0.000083,0.000167,0.000167,0,0,0,1780000
0,0,0,0.000083,0.000167,0.000167,0,0,0,1785000
0,0,0,0,0.000167,0.000167,0,0,0,1790000
0,0,0,0,0.000167,0.000167,0,0,0,1795000
0,0,0,0,0.000167,0.000167,0,0,0,1800000
0,0,0,0,0.000167,0.000167,0,0,0,1805000
0,0,0,0,0.000167,0.000167,0,0,0,1810000
0,0,0,0,0.000167,0.000167,0,0,0,1815000
0,0,0,0,0.000167,0.000167,0,0,0,1820000
0,0,0,0,0.000167,0.000167,0,0,0,1825000
0,0,0,0,0.000083,0.000167,0,0,0,1830000
0,0,0,0,0.000083,0.000167,0,0,0,1835000
0,0,0,0,0.000083,0.000167,0,0,0,1840000
0,0,0,0,0.000083,0.000167,0,0,0,1845000
0,0,0,0,0.000083,0.000167,0,0,0,1850000
0,0,0,0,0.000083,0.000167,0,0,0,1855000
0,0,0,0,0.000083,0.000167,0,0,0,1860000
0,0,0,0,0.000083,0.000167,0,0,0,1865000
0,0,0,0,0.000083,0.000167,0,0,0,1870000
0,0,0,0,0.000083,0.000167,0,0,0,1875000
0,0,0,0,0.000083,0.000167,0,0,0,1880000
0,0,0,0,0.000083,0.000167,0,0,0,1885000
0,0,0,0,0,0.000167,0,0,0,1890000
0,0,0,0,0,0.000167,0,0,0,1895000
0,0,0,0,0,0.000167,0,0,0,1900000
0,0,0,0,0,0.000167,0,0,0,1905000
0,0,0,0,0,0.000167,0,0,0,1910000
0,0,0,0,0,0.000167,0,0,0,1915000
0,0,0,0,0,0.000167,0,0,0,1920000
0,0,0,0,0,0.000167,0,0,0,1925000
0,0,0,0,0,0.000083,0,0,0,1930000
0,0,0,0,0,0.000083,0,0,0,1935000
0,0,0,0,0,0.000083,0,0,0,1940000
0,0,0,0,0,0.000083,0,0,0,1945000
0,0,0,0,0,0.000083,0,0,0,1950000
0,0,0,0,0,0.000083,0,0,0,1955000
0,0,0,0,0,0.000083,0,0,0,1960000
0,0,0,0,0,0.000083,0,0,0,1965000
0,0,0,0,0,0.000083,0,0,0,1970000
0,0,0,0,0,0.000083,0,0,0,1975000
0,0,0,0,0,0.000083,0,0,0,1980000
0,0,0,0,0,0.000083,0,0,0,1985000
0,0,0,0,0,0.000083,0,0,0,1990000
0,0,0,0,0,0.000083,0,0,0,1995000
0,0,0,0,0,0.000083,0,0,0,2000000
0,0,0,0,0,0,0,0,0,2005000
0,0,0,0,0,0,0,0,0,2010000
0,0,0,0,0,0,0,0,0,2015000
0,0,0,0,0,0,0,0,0,2020000
0,0,0,0,0,0,0,0,0,2025000
0,0,0,0,0,0,0,0,0,2030000
0,0,0,0,0,0,0,0,0,2035000
0,0,0,0,0,0,0,0,0,2040000
0,0,0,0,0,0,0,0,0,2045000
0,0,0,0,0,0,0,0,0,2050000
0,0,0,0,0,0,0,0,0,2055000
0,0,0,0,0,0,0,0,0,2060000
0,0,0,0,0,0,0,0,0,2065000
0,0,0,0,0,0,0,0,0,2070000
0,0,0,0,0,0,0,0,0,2075000
0,0,0,0,0,0,0,0,0,2080000
0,0,0,0,0,0,0,0,0,2085000
0,0,0,0,0,0,0,0,0,2090000
0,0,0,0,0,0,0,0,0,2095000
0,0,0,0,0,0,0,0,0,2100000
0,0,0,0,0,0,0,0,0,2105000
0,0,0,0,0,0,0,0,0,2110000
0,0,0,0,0,0,0,0,0,2115000
0,0,0,0,0,0,0,0,0,2120000
0,0,0,0,0,0,0,0,0,2125000
0,0,0,0,0,0,0,0,0,2130000
0,0,0,0,0,0,0,0,0,2135000
0,0,0,0,0,0,0,0,0,2140000
0,0,0,0,0,0,0,0,0,2145000
0,0,0,0,0,0,0,0,0,2150000
0,0,0,0,0,0,0,0,0,2155000
0,0,0,0,0,0,0,0,0,2160000
0,0,0,0,0,0,0,0,0,2165000
0,0,0,0,0,0,0,0,0,2170000
0,0,0,0,0,0,0,0,0,2175000
0,0,0,0,0,0,0,0,0,2180000
0,0,0,0,0,0,0,0,0,2185000
0,0,0,0,0,0,0,0,0,2190000
0,0,0,0,0,0,0,0,0,2195000
0,0,0,0,0,0,0,0,0,2200000
0,0,0,0,0,0,0,0,0,2205000
0,0,0,0,0,0,0,0,0,2210000
0,0,0,0,0,0,0,0,0,2215000
0,0,0,0,0,0,0,0,0,2220000
0,0,0,0,0,0,0,0,0,2225000
0,0,0,0,0,0,0,0,0,2230000
0,0,0,0,0,0,0,0,0,2235000
0,0,0,0,0,0,0,0,0,2240000
0,0,0,0,0,0,0,0,0,2245000
0,0,0,0,0,0,0,0,0,2250000
0,0,0,0,0,0,0,0,0,2255000
0,0,0,0,0,0,0,0,0,2260000
0,0,0,0,0,0,0,0,0,2265000
0,0,0,0,0,0,0,0,0,2270000
0,0,0,0,0,0,0,0,0,2275000
0,0,0,0,0,0,0,0,0,2280000
0,0,0,0,0,0,0,0,0,2285000
0,0,0,0,0,0,0,0,0,2290000
0,0,0,0,0,0,0,0,0,2295000
0,0,0,0,0,0,0,0,0,2300000
0,0,0,0,0,0,0,0,0,2305000
0,0,0,0,0,0,0,0,0,2310000
0,0,0,0,0,0,0,0,0,2315000
0,0,0,0,0,0,0,0,0,2320000
0,0,0,0,0,0,0,0,0,2325000
0,0,0,0,0,0,0,0,0,2330000
0,0,0,0,0,0,0,0,0,2335000
0,0,0,0,0,0,0,0,0,2340000
0,0,0,0,0,0,0,0,0,2345000
0,0,0,0,0,0,0,0,0,2350000
0,0,0,0,0,0,0,0,0,2355000
0,0,0,0,0,0,0,0,0,2360000
0,0,0,0,0,0,0,0,0,2365000
0,0,0,0,0,0,0,0,0,2370000
0,0,0,0,0,0,0,0,0,2375000
0,0,0,0,0,0,0,0,0,2380000
0,0,0,0,0,0,0,0,0,2385000
0,0,0,0,0,0,0,0,0,2390000
0,0,0,0,0,0,0,0,0,2395000
0,0,0,0,0,0,0,0,0,2400000
0,0,0,0,0,0,0,0,0,2405000
0,0,0,0,0,0,0,0,0,2410000
0,0,0,0,0,0,0,0,0,2415000
0,0,0,0,0,0,0,0,0,2420000
0,0,0,0,0,0,0,0,0,2425000
0,0,0,0,0,0,0,0,0,2430000
0,0,0,0,0,0,0,0,0,2435000
0,0,0,0,0,0,0,0,0,2440000
0,0,0,0,0,0,0,0,0,2445000
0,0,0,0,0,0,0,0,0,2450000
0,0,0,0,0,0,0,0,0,2455000
0,0,0,0,0,0,0,0,0,2460000
0,0,0,0,0,0,0,0,0,2465000
0,0,0,0,0,0,0,0,0,2470000
0,0,0,0,0,0,0,0,0,2475000
0,0,0,0,0,0,0,0,0,2480000
0,0,0,0,0,0,0,0,0,2485000
0,0,0,0,0,0,0,0,0,2490000
0,0,0,0,0,0,0,0,0,2495000
0,0,0,0,0,0,0,0,0,2500000
0,0,0,0,0,0,0,0,0,2505000
0,0,0,0,0,0,0,0,0,2510000
0,0,0,0,0,0,0,0,0,2515000
0,0,0,0,0,0,0,0,0,2520000
0,0,0,0,0,0,0,0,0,2525000
0,0,0,0,0,0,0,0,0,2530000
0,0,0,0,0,0,0,0,0,2535000
0,0,0,0,0,0,0,0,0,2540000
0,0,0,0,0,0,0,0,0,2545000
0,0,0,0,0,0,0,0,0,2550000
0,0,0,0,0,0,0,0,0,2555000
0,0,0,0,0,0,0,0,0,2560000
0,0,0,0,0,0,0,0,0,2565000
0,0,0,0,0,0,0,0,0,2570000
0,0,0,0,0,0,0,0,0,2575000
0,0,0,0,0,0,0,0,0,2580000
0,0,0,0,0,0,0,0,0,2585000
0,0,0,0,0,0,0,0,0,2590000
0,0,0,0,0,0,0,0,0,2595000
0,0,0,0,0,0,0,0,0,2600000
0,0,0,0,0,0,0,0,0,2605000
0,0,0,0,0,0,0,0,0,2610000
0,0,0,0,0,0,0,0,0,2615000
0,0,0,0,0,0,0,0,0,2620000
0,0,0,0,0,0,0,0,0,2625000
0,0,0,0,0,0,0,0,0,2630000
0,0,0,0,0,0,0,0,0,2635000
0,0,0,0,0,0,0,0,0,2640000
0,0,0,0,0,0,0,0,0,2645000
0,0,0,0,0,0,0,0,0,2650000
0,0,0,0,0,0,0,0,0,2655000
0,0,0,0,0,0,0,0,0,2660000
0,0,0,0,0,0,0,0,0,2665000
0,0,0,0,0,0,0,0,0,2670000
0,0,0,0,0,0,0,0,0,2675000
0,0,0,0,0,0,0,0,0,2680000
0,0,0,0,0,0,0,0,0,2685000
0,0,0,0,0,0,0,0,0,2690000
0,0,0,0,0,0,0,0,0,2695000
0,0,0,0,0,0,0,0,0,2700000
0,0,0,0,0,0,0,0,0,2705000
0,0,0,0,0,0,0,0,0,2710000
0,0,0,0,0,0,0,0,0,2715000
0,0,0,0,0,0,0,0,0,2720000
0,0,0,0,0,0,0,0,0,2725000
0,0,0,0,0,0,0,0,0,2730000
0,0,0,0,0,0,0,0,0,2735000
0,0,0,0,0,0,0,0,0,2740000
0,0,0,0,0,0,0,0,0,2745000
0,0,0,0,0,0,0,0,0,2750000
0,0,0,0,0,0,0,0,0,2755000
0,0,0,0,0,0,0,0,0,2760000
0,0,0,0,0,0,0,0,0,2765000
0,0,0,0,0,0,0,0,0,2770000
0,0,0,0,0,0,0,0,0,2775000
0,0,0,0,0,0,0,0,0,2780000
0,0,0,0,0,0,0,0,0,2785000
0,0,0,0,0,0,0,0,0,2790000
0,0,0,0,0,0,0,0,0,2795000
0,0,0,0,0,0,0,0,0,2800000
0,0,0,0,0,0,0,0,0,2805000
0,0,0,0,0,0,0,0,0,2810000
0,0,0,0,0,0,0,0,0,2815000
0,0,0,0,0,0,0,0,0,2820000
0,0,0,0,0,0,0,0,0,2825000
0,0,0,0,0,0,0,0,0,2830000
0,0,0,0,0,0,0,0,0,2835000
0,0,0,0,0,0,0,0,0,2840000
0,0,0,0,0,0,0,0,0,2845000
0,0,0,0,0,0,0,0,0,2850000
0,0,0,0,0,0,0,0,0,2855000
0,0,0,0,0,0,0,0,0,2860000
0,0,0,0,0,0,0,0,0,2865000
0,0,0,0,0,0,0,0,0,2870000
0,0,0,0,0,0,0,0,0,2875000
0,0,0,0,0,0,0,0,0,2880000
0,0,0,0,0,0,0,0,0,2885000
0,0,0,0,0,0,0,0,0,2890000
0,0,0,0,0,0,0,0,0,2895000
0,0,0,0,0,0,0,0,0,2900000
0,0,0,0,0,0,0,0,0,2905000
0,0,0,0,0,0,0,0,0,2910000
0,0,0,0,0,0,0,0,0,2915000
0,0,0,0,0,0,0,0,0,2920000
0,0,0,0,0,0,0,0,0,2925000
0,0,0,0,0,0,0,0,0,2930000
0,0,0,0,0,0,0,0,0,2935000
0,0,0,0,0,0,0,0,0,2940000
0,0,0,0,0,0,0,0,0,2945000
0,0,0,0,0,0,0,0,0,2950000
0,0,0,0,0,0,0,0,0,2955000
0,0,0,0,0,0,0,0,0,2960000
0,0,0,0,0,0,0,0,0,2965000
0,0,0,0,0,0,0,0,0,2970000
0,0,0,0,0,0,0,0,0,2975000
0,0,0,0,0,0,0,0,0,2980000
0,0,0,0,0,0,0,0,0,2985000
0,0,0,0,0,0,0,0,0,2990000
0,0,0,0,0,0,0,0,0,2995000
0,0,0,0,0,0,0,0,0,3000000
0,0,0,0,0,0,0,0,0,3005000
0,0,0,0,0,0,0,0,0,3010000
0,0,0,0,0,0,0,0,0,3015000
0,0,0,0,0,0,0,0,0,3020000
0,0,0,0,0,0,0,0,0,3025000
0,0,0,0,0,0,0,0,0,3030000
0,0,0,0,0,0,0,0,0,3035000
0,0,0,0,0,0,0,0,0,3040000
0,0,0,0,0,0,0,0,0,3045000
0,0,0,0,0,0,0,0,0,3050000
0,0,0,0,0,0,0,0,0,3055000
0,0,0,0,0,0,0,0,0,3060000
0,0,0,0,0,0,0,0,0,3065000
0,0,0,0,0,0,0,0,0,3070000
0,0,0,0,0,0,0,0,0,3075000
0,0,0,0,0,0,0,0,0,3080000
0,0,0,0,0,0,0,0,0,3085000
0,0,0,0,0,0,0,0,0,3090000
0,0,0,0,0,0,0,0,0,3095000
0,0,0,0,0,0,0,0,0,3100000
0,0,0,0,0,0,0,0,0,3105000
0,0,0,0,0,0,0,0,0,3110000
0,0,0,0,0,0,0,0,0,3115000
0,0,0,0,0,0,0,0,0,3120000
0,0,0,0,0,0,0,0,0,3125000
0,0,0,0,0,0,0,0,0,3130000
0,0,0,0,0,0,0,0,0,3135000
0,0,0,0,0,0,0,0,0,3140000
0,0,0,0,0,0,0,0,0,3145000
0,0,0,0,0,0,0,0,0,3150000
0,0,0,0,0,0,0,0,0,3155000
0,0,0,0,0,0,0,0,0,3160000
0,0,0,0,0,0,0,0,0,3165000
0,0,0,0,0,0,0,0,0,3170000
0,0,0,0,0,0,0,0,0,3175000
0,0,0,0,0,0,0,0,0,3180000
0,0,0,0,0,0,0,0,0,3185000
0,0,0,0,0,0,0,0,0,3190000
0,0,0,0,0,0,0,0,0,3195000
0,0,0,0,0,0,0,0,0,3200000
0,0,0,0,0,0,0,0,0,3205000
0,0,0,0,0,0,0,0,0,3210000
0,0,0,0,0,0,0,0,0,3215000
0,0,0,0,0,0,0,0,0,3220000
0,0,0,0,0,0,0,0,0,3225000
0,0,0,0,0,0,0,0,0,3230000
0,0,0,0,0,0,0,0,0,3235000
0,0,0,0,0,0,0,0,0,3240000
0,0,0,0,0,0,0,0,0,3245000
0,0,0,0,0,0,0,0,0,3250000
0,0,0,0,0,0,0,0,0,3255000
0,0,0,0,0,0,0,0,0,3260000
0,0,0,0,0,0,0,0,0,3265000
0,0,0,0,0,0,0,0,0,3270000
0,0,0,0,0,0,0,0,0,3275000
0,0,0,0,0,0,0,0,0,3280000
0,0,0,0,0,0,0,0,0,3285000
0,0,0,0,0,0,0,0,0,3290000
0,0,0,0,0,0,0,0,0,3295000
0,0,0,0,0,0,0,0,0,3300000
0,0,0,0,0,0,0,0,0,3305000
0,0,0,0,0,0,0,0,0,3310000
0,0,0,0,0,0,0,0,0,3315000
0,0,0,0,0,0,0,0,0,3320000
0,0,0,0,0,0,0,0,0,3325000
0,0,0,0,0,0,0,0,0,3330000
0,0,0,0,0,0,0,0,0,3335000
0,0,0,0,0,0,0,0,0,3340000
0,0,0,0,0,0,0,0,0,3345000
0,0,0,0,0,0,0,0,0,3350000
0,0,0,0,0,0,0,0,0,3355000
0,0,0,0,0,0,0,0,0,3360000
0,0,0,0,0,0,0,0,0,3365000
0,0,0,0,0,0,0,0,0,3370000
0,0,0,0,0,0,0,0,0,3375000
0,0,0,0,0,0,0,0,0,3380000
0,0,0,0,0,0,0,0,0,3385000
0,0,0,0,0,0,0,0,0,3390000
0,0,0,0,0,0,0,0,0,3395000
0,0,0,0,0,0,0,0,0,3400000
0,0,0,0,0,0,0,0,0,3405000
0,0,0,0,0,0,0,0,0,3410000
0,0,0,0,0,0,0,0,0,3415000
0,0,0,0,0,0,0,0,0,3420000
0,0,0,0,0,0,0,0,0,3425000
0,0,0,0,0,0,0,0,0,3430000
0,0,0,0,0,0,0,0,0,3435000
0,0,0,0,0,0,0,0,0,3440000
0,0,0,0,0,0,0,0,0,3445000
0,0,0,0,0,0,0,0,0,3450000
0,0,0,0,0,0,0,0,0,3455000
0,0,0,0,0,0,0,0,0,3460000
0,0,0,0,0,0,0,0,0,3465000
0,0,0,0,0,0,0,0,0,3470000
0,0,0,0,0,0,0,0,0,3475000
0,0,0,0,0,0,0,0,0,3480000
0,0,0,0,0,0,0,0,0,3485000
0,0,0,0,0,0,0,0,0,3490000
0,0,0,0,0,0,0,0,0,3495000
0,0,0,0,0,0,0,0,0,3500000
0,0,0,0,0,0,0,0,0,3505000
0,0,0,0,0,0,0,0,0,3510000
0,0,0,0,0,0,0,0,0,3515000
0,0,0,0,0,0,0,0,0,3520000
0,0,0,0,0,0,0,0,0,3525000
0,0,0,0,0,0,0,0,0,3530000
0,0,0,0,0,0,0,0,0,3535000
0,0,0,0,0,0,0,0,0,3540000
0,0,0,0,0,0,0,0,0,3545000
0,0,0,0,0,0,0,0,0,3550000
0,0,0,0,0,0,0,0,0,3555000
0,0,0,0,0,0,0,0,0,3560000
0,0,0,0,0,0,0,0,0,3565000
0,0,0,0,0,0,0,0,0,3570000
0,0,0,0,0,0,0,0,0,3575000
0,0,0,0,0,0,0,0,0,3580000
0,0,0,0,0,0,0,0,0,3585000
0,0,0,0,0,0,0,0,0,3590000
0,0,0,0,0,0,0,0,0,3595000
0,0,0,0,0,0,0,0,0,3600000
0,0,0,0,0,0,0,0,0,3605000
0,0,0,0,0,0,0,0,0,3610000
0,0,0,0,0,0,0,0,0,3615000
0,0,0,0,0,0,0,0,0,3620000
0,0,0,0,0,0,0,0,0,3625000
0,0,0,0,0,0,0,0,0,3630000
0,0,0,0,0,0,0,0,0,3635000
0,0,0,0,0,0,0,0,0,3640000
0,0,0,0,0,0,0,0,0,3645000
0,0,0,0,0,0,0,0,0,3650000
0,0,0,0,0,0,0,0,0,3655000
0,0,0,0,0,0,0,0,0,3660000
0,0,0,0,0,0,0,0,0,3665000
0,0,0,0,0,0,0,0,0,3670000
0,0,0,0,0,0,0,0,0,3675000
0,0,0,0,0,0,0,0,0,3680000
0,0,0,0,0,0,0,0,0,3685000
0,0,0,0,0,0,0,0,0,3690000
0,0,0,0,0,0,0,0,0,3695000
0,0,0,0,0,0,0,0,0,3700000
0,0,0,0,0,0,0,0,0,3705000
0,0,0,0,0,0,0,0,0,3710000
0,0,0,0,0,0,0,0,0,3715000
0,0,0,0,0,0,0,0,0,3720000
0,0,0,0,0,0,0,0,0,3725000
0,0,0,0,0,0,0,0,0,3730000
0,0,0,0,0,0,0,0,0,3735000
0,0,0,0,0,0,0,0,0,3740000
0,0,0,0,0,0,0,0,0,3745000
0,0,0,0,0,0,0,0,0,3750000
0,0,0,0,0,0,0,0,0,3755000
0,0,0,0,0,0,0,0,0,3760000
0,0,0,0,0,0,0,0,0,3765000
0,0,0,0,0,0,0,0,0,3770000
0,0,0,0,0,0,0,0,0,3775000
0,0,0,0,0,0,0,0,0,3780000
0,0,0,0,0,0,0,0,0,3785000
0,0,0,0,0,0,0,0,0,3790000
0,0,0,0,0,0,0,0,0,3795000
0,0,0,0,0,0,0,0,0,3800000
0,0,0,0,0,0,0,0,0,3805000
0,0,0,0,0,0,0,0,0,3810000
0,0,0,0,0,0,0,0,0,3815000
0,0,0,0,0,0,0,0,0,3820000
0,0,0,0,0,0,0,0,0,3825000
0,0,0,0,0,0,0,0,0,3830000
0,0,0,0,0,0,0,0,0,3835000
0,0,0,0,0,0,0,0,0,3840000
0,0,0,0,0,0,0,0,0,3845000
0,0,0,0,0,0,0,0,0,3850000
0,0,0,0,0,0,0,0,0,3855000
0,0,0,0,0,0,0,0,0,3860000
0,0,0,0,0,0,0,0,0,3865000
0,0,0,0,0,0,0,0,0,3870000
0,0,0,0,0,0,0,0,0,3875000
0,0,0,0,0,0,0,0,0,3880000
0,0,0,0,0,0,0,0,0,3885000
0,0,0,0,0,0,0,0,0,3890000
0,0,0,0,0,0,0,0,0,3895000
0,0,0,0,0,0,0,0,0,3900000
0,0,0,0,0,0,0,0,0,3905000
0,0,0,0,0,0,0,0,0,3910000
0,0,0,0,0,0,0,0,0,3915000
0,0,0,0,0,0,0,0,0,3920000
0,0,0,0,0,0,0,0,0,3925000
0,0,0,0,0,0,0,0,0,3930000
0,0,0,0,0,0,0,0,0,3935000
0,0,0,0,0,0,0,0,0,3940000
0,0,0,0,0,0,0,0,0,3945000
0,0,0,0,0,0,0,0,0,3950000
0,0,0,0,0,0,0,0,0,3955000
0,0,0,0,0,0,0,0,0,3960000
0,0,0,0,0,0,0,0,0,3965000
0,0,0,0,0,0,0,0,0,3970000
0,0,0,0,0,0,0,0,0,3975000
0,0,0,0,0,0,0,0,0,3980000
0,0,0,0,0,0,0,0,0,3985000
0,0,0,0,0,0,0,0,0,3990000
0,0,0,0,0,0,0,0,0,3995000
0,0,0,0,0,0,0,0,0,4000000
0,0,0,0,0,0,0,0,0,4005000
0,0,0,0,0,0,0,0,0,4010000
0,0,0,0,0,0,0,0,0,4015000
0,0,0,0,0,0,0,0,0,4020000
0,0,0,0,0,0,0,0,0,4025000
0,0,0,0,0,0,0,0,0,4030000
0,0,0,0,0,0,0,0,0,4035000
0,0,0,0,0,0,0,0,0,4040000
0,0,0,0,0,0,0,0,0,4045000
0,0,0,0,0,0,0,0,0,4050000
0,0,0,0,0,0,0,0,0,4055000
0,0,0,0,0,0,0,0,0,4060000
0,0,0,0,0,0,0,0,0,4065000
0,0,0,0,0,0,0,0,0,4070000
0,0,0,0,0,0,0,0,0,4075000
0,0,0,0,0,0,0,0,0,4080000
0,0,0,0,0,0,0,0,0,4085000
0,0,0,0,0,0,0,0,0,4090000
0,0,0,0,0,0,0,0,0,4095000
0,0,0,0,0,0,0,0,0,4100000
0,0,0,0,0,0,0,0,0,4105000
0,0,0,0,0,0,0,0,0,4110000
0,0,0,0,0,0,0,0,0,4115000
0,0,0,0,0,0,0,0,0,4120000
0,0,0,0,0,0,0,0,0,4125000
0,0,0,0,0,0,0,0,0,4130000
0,0,0,0,0,0,0,0,0,4135000
0,0,0,0,0,0,0,0,0,4140000
0,0,0,0,0,0,0,0,0,4145000
0,0,0,0,0,0,0,0,0,4150000
0,0,0,0,0,0,0,0,0,4155000
0,0,0,0,0,0,0,0,0,4160000
0,0,0,0,0,0,0,0,0,4165000
0,0,0,0,0,0,0,0,0,4170000
0,0,0,0,0,0,0,0,0,4175000
0,0,0,0,0,0,0,0,0,4180000
0,0,0,0,0,0,0,0,0,4185000
0,0,0,0,0,0,0,0,0,4190000
0,0,0,0,0,0,0,0,0,4195000
0,0,0,0,0,0,0,0,0,4200000
0,0,0,0,0,0,0,0,0,4205000
0,0,0,0,0,0,0,0,0,4210000
0,0,0,0,0,0,0,0,0,4215000
0,0,0,0,0,0,0,0,0,4220000
0,0,0,0,0,0,0,0,0,4225000
0,0,0,0,0,0,0,0,0,4230000
0,0,0,0,0,0,0,0,0,4235000
0,0,0,0,0,0,0,0,0,4240000
0,0,0,0,0,0,0,0,0,4245000
0,0,0,0,0,0,0,0,0,4250000
0,0,0,0,0,0,0,0,0,4255000
0,0,0,0,0,0,0,0,0,4260000
0,0,0,0,0,0,0,0,0,4265000
0,0,0,0,0,0,0,0,0,4270000
0,0,0,0,0,0,0,0,0,4275000
0,0,0,0,0,0,0,0,0,4280000
0,0,0,0,0,0,0,0,0,4285000
0,0,0,0,0,0,0,0,0,4290000
0,0,0,0,0,0,0,0,0,4295000
0,0,0,0,0,0,0,0,0,4300000
0,0,0,0,0,0,0,0,0,4305000
0,0,0,0,0,0,0,0,0,4310000
0,0,0,0,0,0,0,0,0,4315000
0,0,0,0,0,0,0,0,0,4320000
0,0,0,0,0,0,0,0,0,4325000
0,0,0,0,0,0,0,0,0,4330000
0,0,0,0,0,0,0,0,0,4335000
0,0,0,0,0,0,0,0,0,4340000
0,0,0,0,0,0,0,0,0,4345000
0,0,0,0,0,0,0,0,0,4350000
0,0,0,0,0,0,0,0,0,4355000
0,0,0,0,0,0,0,0,0,4360000
0,0,0,0,0,0,0,0,0,4365000
0,0,0,0,0,0,0,0,0,4370000
0,0,0,0,0,0,0,0,0,4375000
0,0,0,0,0,0,0,0,0,4380000
0,0,0,0,0,0,0,0,0,4385000
0,0,0,0,0,0,0,0,0,4390000
0,0,0,0,0,0,0,0,0,4395000
0,0,0,0,0,0,0,0,0,4400000
0,0,0,0,0,0,0,0,0,4405000
0,0,0,0,0,0,0,0,0,4410000
0,0,0,0,0,0,0,0,0,4415000
0,0,0,0,0,0,0,0,0,4420000
0,0,0,0,0,0,0,0,0,4425000
0,0,0,0,0,0,0,0,0,4430000
0,0,0,0,0,0,0,0,0,4435000
0,0,0,0,0,0,0,0,0,4440000
0,0,0,0,0,0,0,0,0,4445000
0,0,0,0,0,0,0,0,0,4450000
0,0,0,0,0,0,0,0,0,4455000
0,0,0,0,0,0,0,0,0,4460000
0,0,0,0,0,0,0,0,0,4465000
0,0,0,0,0,0,0,0,0,4470000
0,0,0,0,0,0,0,0,0,4475000
0,0,0,0,0,0,0,0,0,4480000
0,0,0,0,0,0,0,0,0,4485000
0,0,0,0,0,0,0,0,0,4490000
0,0,0,0,0,0,0,0,0,4495000
0,0,0,0,0,0,0,0,0,4500000
0,0,0,0,0,0,0,0,0,4505000
0,0,0,0,0,0,0,0,0,4510000
0,0,0,0,0,0,0,0,0,4515000
0,0,0,0,0,0,0,0,0,4520000
0,0,0,0,0,0,0,0,0,4525000
0,0,0,0,0,0,0,0,0,4530000
0,0,0,0,0,0,0,0,0,4535000
0,0,0,0,0,0,0,0,0,4540000
0,0,0,0,0,0,0,0,0,4545000
0,0,0,0,0,0,0,0,0,4550000
0,0,0,0,0,0,0,0,0,4555000
0,0,0,0,0,0,0,0,0,4560000
0,0,0,0,0,0,0,0,0,4565000
0,0,0,0,0,0,0,0,0,4570000
0,0,0,0,0,0,0,0,0,4575000
0,0,0,0,0,0,0,0,0,4580000
0,0,0,0,0,0,0,0,0,4585000
0,0,0,0,0,0,0,0,0,4590000
0,0,0,0,0,0,0,0,0,4595000
0,0,0,0,0,0,0,0,0,4600000
0,0,0,0,0,0,0,0,0,4605000
0,0,0,0,0,0,0,0,0,4610000
0,0,0,0,0,0,0,0,0,4615000
0,0,0,0,0,0,0,0,0,4620000
0,0,0,0,0,0,0,0,0,4625000
0,0,0,0,0,0,0,0,0,4630000
0,0,0,0,0,0,0,0,0,4635000
0,0,0,0,0,0,0,0,0,4640000
0,0,0,0,0,0,0,0,0,4645000
0,0,0,0,0,0,0,0,0,4650000
0,0,0,0,0,0,0,0,0,4655000
0,0,0,0,0,0,0,0,0,4660000
0,0,0,0,0,0,0,0,0,4665000
0,0,0,0,0,0,0,0,0,4670000
0,0,0,0,0,0,0,0,0,4675000
0,0,0,0,0,0,0,0,0,4680000
0,0,0,0,0,0,0,0,0,4685000
0,0,0,0,0,0,0,0,0,4690000
0,0,0,0,0,0,0,0,0,4695000
0,0,0,0,0,0,0,0,0,4700000
0,0,0,0,0,0,0,0,0,4705000
0,0,0,0,0,0,0,0,0,4710000
0,0,0,0,0,0,0,0,0,4715000
0,0,0,0,0,0,0,0,0,4720000
0,0,0,0,0,0,0,0,0,4725000
0,0,0,0,0,0,0,0,0,4730000
0,0,0,0,0,0,0,0,0,4735000
0,0,0,0,0,0,0,0,0,4740000
0,0,0,0,0,0,0,0,0,4745000
0,0,0,0,0,0,0,0,0,4750000
0,0,0,0,0,0,0,0,0,4755000
0,0,0,0,0,0,0,0,0,4760000
0,0,0,0,0,0,0,0,0,4765000
0,0,0,0,0,0,0,0,0,4770000
0,0,0,0,0,0,0,0,0,4775000
0,0,0,0,0,0,0,0,0,4780000
0,0,0,0,0,0,0,0,0,4785000
0,0,0,0,0,0,0,0,0,4790000
0,0,0,0,0,0,0,0,0,4795000
0,0,0,0,0,0,0,0,0,4800000
0,0,0,0,0,0,0,0,0,4805000
0,0,0,0,0,0,0,0,0,4810000
0,0,0,0,0,0,0,0,0,4815000
0,0,0,0,0,0,0,0,0,4820000
0,0,0,0,0,0,0,0,0,4825000
0,0,0,0,0,0,0,0,0,4830000
0,0,0,0,0,0,0,0,0,4835000
0,0,0,0,0,0,0,0,0,4840000
0,0,0,0,0,0,0,0,0,4845000
0,0,0,0,0,0,0,0,0,4850000
0,0,0,0,0,0,0,0,0,4855000
0,0,0,0,0,0,0,0,0,4860000
0,0,0,0,0,0,0,0,0,4865000
0,0,0,0,0,0,0,0,0,4870000
0,0,0,0,0,0,0,0,0,4875000
0,0,0,0,0,0,0,0,0,4880000
0,0,0,0,0,0,0,0,0,4885000
0,0,0,0,0,0,0,0,0,4890000
0,0,0,0,0,0,0,0,0,4895000
0,0,0,0,0,0,0,0,0,4900000
0,0,0,0,0,0,0,0,0,4905000
0,0,0,0,0,0,0,0,0,4910000
0,0,0,0,0,0,0,0,0,4915000
0,0,0,0,0,0,0,0,0,4920000
0,0,0,0,0,0,0,0,0,4925000
0,0,0,0,0,0,0,0,0,4930000
0,0,0,0,0,0,0,0,0,4935000
0,0,0,0,0,0,0,0,0,4940000
0,0,0,0,0,0,0,0,0,4945000
0,0,0,0,0,0,0,0,0,4950000
0,0,0,0,0,0,0,0,0,4955000
0,0,0,0,0,0,0,0,0,4960000
0,0,0,0,0,0,0,0,0,4965000
0,0,0,0,0,0,0,0,0,4970000
0,0,0,0,0,0,0,0,0,4975000
0,0,0,0,0,0,0,0,0,4980000
0,0,0,0,0,0,0,0,0,4985000
0,0,0,0,0,0,0,0,0,4990000
0,0,0,0,0,0,0,0,0,4995000
0,0,0,0,0,0,0,0,0,5000000
0,0,0,0,0,0,0,0,0,5005000
